,Time,Longitude,Latitude,ids
0,0.0,-75.625,10.375,5153
1,0.25,-75.625,10.375,5153
2,0.5,-75.625,10.375,5153
3,0.75,-75.625,10.375,5153
4,1.0,-75.625,10.375,5153
5,1.25,-75.625,10.375,5153
6,1.5,-75.625,10.375,5153
7,1.75,-75.625,10.375,5153
8,2.0,-75.625,10.375,5153
9,2.25,-75.625,10.375,5153
10,2.5,-75.625,10.375,5153
11,2.75,-75.625,10.375,5153
12,3.0,-75.625,10.375,5153
13,3.25,-75.625,10.375,5153
14,3.5,-75.625,10.375,5153
15,3.75,-75.625,10.375,5153
16,4.0,-75.625,10.375,5153
17,4.25,-75.625,10.375,5153
18,4.5,-75.625,10.375,5153
19,4.75,-75.625,10.375,5153
20,5.0,-75.625,10.375,5153
21,5.25,-75.625,10.375,5153
22,5.5,-75.625,10.375,5153
23,5.75,-75.625,10.375,5153
24,6.0,-75.625,10.375,5153
25,6.25,-75.625,10.375,5153
26,6.5,-75.625,10.375,5153
27,6.75,-75.625,10.375,5153
28,7.0,-75.625,10.375,5153
29,7.25,-75.625,10.375,5153
30,7.5,-75.625,10.375,5153
31,7.75,-75.625,10.375,5153
32,8.0,-75.625,10.375,5153
33,8.25,-75.625,10.375,5153
34,8.5,-75.625,10.375,5153
35,8.75,-75.625,10.375,5153
36,9.0,-75.625,10.375,5153
37,9.25,-75.625,10.375,5153
38,9.5,-75.625,10.375,5153
39,9.75,-75.625,10.375,5153
40,10.0,-75.625,10.375,5153
41,10.25,-75.625,10.375,5153
42,10.5,-75.625,10.375,5153
43,10.75,-75.625,10.375,5153
44,11.0,-75.625,10.375,5153
45,11.25,-75.625,10.375,5153
46,11.5,-75.625,10.375,5153
47,11.75,-75.625,10.375,5153
48,12.0,-75.625,10.375,5153
49,12.25,-75.625,10.375,5153
50,12.5,-75.625,10.375,5153
51,12.75,-75.625,10.375,5153
52,13.0,-75.625,10.375,5153
53,13.25,-75.625,10.375,5153
54,13.5,-75.625,10.375,5153
55,13.75,-75.625,10.375,5153
56,14.0,-75.625,10.375,5153
57,14.25,-75.625,10.375,5153
58,14.5,-75.625,10.375,5153
59,14.75,-75.625,10.375,5153
60,15.0,-75.625,10.375,5153
61,15.25,-75.625,10.375,5153
62,15.5,-75.625,10.375,5153
63,15.75,-75.875,10.375,5081
64,16.0,-75.875,10.375,5081
65,16.25,-75.875,10.625,5082
66,16.5,-76.125,10.625,5010
67,16.75,-76.125,10.625,5010
68,17.0,-76.125,10.625,5010
69,17.25,-76.375,10.625,4938
70,17.5,-76.375,10.875,4939
71,17.75,-76.625,10.875,4867
72,18.0,-76.625,10.875,4867
73,18.25,-76.625,10.875,4867
74,18.5,-76.875,10.875,4795
75,18.75,-76.875,11.125,4796
76,19.0,-76.875,11.125,4796
77,19.25,-77.125,11.125,4724
78,19.5,-77.125,11.125,4724
79,19.75,-77.125,11.125,4724
80,20.0,-77.375,11.375,4653
81,20.25,-77.375,11.375,4653
82,20.5,-77.625,11.375,4581
83,20.75,-77.625,11.375,4581
84,21.0,-77.625,11.375,4581
85,21.25,-77.875,11.625,4510
86,21.5,-77.875,11.625,4510
87,21.75,-77.875,11.625,4510
88,22.0,-78.125,11.625,4438
89,22.25,-78.125,11.625,4438
90,22.5,-78.125,11.875,4439
91,22.75,-78.375,11.875,4367
92,23.0,-78.375,11.875,4367
93,23.25,-78.625,11.875,4295
94,23.5,-78.625,11.875,4295
95,23.75,-78.625,12.125,4296
96,24.0,-78.875,12.125,4224
97,24.25,-78.875,12.125,4224
98,24.5,-78.875,12.125,4224
99,24.75,-79.125,12.125,4152
100,25.0,-79.125,12.375,4153
101,25.25,-79.125,12.375,4153
102,25.5,-79.375,12.375,4081
103,25.75,-79.375,12.375,4081
104,26.0,-79.375,12.625,4082
105,26.25,-79.625,12.625,4010
106,26.5,-79.625,12.625,4010
107,26.75,-79.875,12.625,3938
108,27.0,-79.875,12.625,3938
109,27.25,-79.875,12.875,3939
110,27.5,-80.125,12.875,3867
111,27.75,-80.125,12.875,3867
112,28.0,-80.125,12.875,3867
113,28.25,-80.375,12.875,3795
114,28.5,-80.375,13.125,3796
115,28.75,-80.375,13.125,3796
116,29.0,-80.625,13.125,3724
117,29.25,-80.625,13.125,3724
118,29.5,-80.875,13.125,3652
119,29.75,-80.875,13.375,3653
120,30.0,-80.875,13.375,3653
121,30.25,-81.125,13.375,3581
122,30.5,-81.125,13.375,3581
123,30.75,-81.125,13.375,3581
124,31.0,-81.375,13.625,3510
125,31.25,-81.375,13.625,3510
126,31.5,-81.375,13.625,3510
127,31.75,-81.625,13.625,3438
128,32.0,-81.625,13.625,3438
129,32.25,-81.625,13.875,3439
130,32.5,-81.875,13.875,3367
131,32.75,-81.875,13.875,3367
132,33.0,-82.125,13.875,3295
133,33.25,-82.125,13.875,3295
134,33.5,-82.125,14.125,3296
135,33.75,-82.375,14.125,3224
136,34.0,-82.375,14.125,3224
137,34.25,-82.375,14.125,3224
138,34.5,-82.625,14.125,3152
139,34.75,-82.625,14.375,3153
140,35.0,-82.625,14.375,3153
141,35.25,-82.875,14.375,3081
142,35.5,-82.875,14.375,3081
143,35.75,-83.125,14.375,3009
144,36.0,-83.125,14.625,3010
145,36.25,-83.125,14.625,3010
146,36.5,-83.375,14.625,2938
147,36.75,-83.375,14.625,2938
148,37.0,-83.375,14.625,2938
149,37.25,-83.375,14.625,2938
150,37.5,-83.375,14.625,2938
151,37.75,-83.375,14.625,2938
152,38.0,-83.375,14.625,2938
153,38.25,-83.375,14.625,2938
154,38.5,-83.375,14.625,2938
155,38.75,-83.375,14.625,2938
156,39.0,-83.375,14.625,2938
157,39.25,-83.375,14.625,2938
158,39.5,-83.375,14.625,2938
159,39.75,-83.375,14.625,2938
160,40.0,-83.375,14.625,2938
161,40.25,-83.375,14.625,2938
162,40.5,-83.375,14.625,2938
163,40.75,-83.375,14.625,2938
164,41.0,-83.375,14.625,2938
165,41.25,-83.375,14.625,2938
166,41.5,-83.375,14.625,2938
167,41.75,-83.375,14.625,2938
168,42.0,-83.375,14.625,2938
169,42.25,-83.375,14.625,2938
170,42.5,-83.375,14.625,2938
171,42.75,-83.375,14.625,2938
172,43.0,-83.375,14.625,2938
173,43.25,-83.375,14.625,2938
174,43.5,-83.375,14.625,2938
175,43.75,-83.375,14.625,2938
176,44.0,-83.375,14.625,2938
177,44.25,-83.375,14.625,2938
178,44.5,-83.375,14.625,2938
179,44.75,-83.375,14.625,2938
180,45.0,-83.375,14.625,2938
181,45.25,-83.375,14.625,2938
182,45.5,-83.375,14.625,2938
183,45.75,-83.375,14.625,2938
184,46.0,-83.375,14.625,2938
185,46.25,-83.375,14.625,2938
186,46.5,-83.375,14.625,2938
187,46.75,-83.375,14.625,2938
188,47.0,-83.375,14.625,2938
189,47.25,-83.375,14.625,2938
190,47.5,-83.375,14.625,2938
191,47.75,-83.375,14.625,2938
192,48.0,-83.375,14.625,2938
193,48.25,-83.375,14.625,2938
194,48.5,-83.375,14.625,2938
195,48.75,-83.375,14.625,2938
196,49.0,-83.375,14.625,2938
197,49.25,-83.375,14.625,2938
198,49.5,-83.375,14.625,2938
199,49.75,-83.375,14.625,2938
200,50.0,-83.375,14.625,2938
201,50.25,-83.375,14.625,2938
202,50.5,-83.375,14.625,2938
203,50.75,-83.375,14.625,2938
204,51.0,-83.375,14.625,2938
205,51.25,-83.375,14.625,2938
206,51.5,-83.375,14.625,2938
207,51.75,-83.375,14.625,2938
208,52.0,-83.375,14.625,2938
209,52.25,-83.375,14.625,2938
210,52.5,-83.375,14.625,2938
211,52.75,-83.375,14.625,2938
212,53.0,-83.375,14.625,2938
213,53.25,-83.375,14.625,2938
214,53.5,-83.375,14.625,2938
215,53.75,-83.375,14.625,2938
216,54.0,-83.375,14.625,2938
217,54.25,-83.375,14.625,2938
218,54.5,-83.375,14.625,2938
219,54.75,-83.375,14.625,2938
220,55.0,-83.375,14.625,2938
221,55.25,-83.375,14.625,2938
222,55.5,-83.375,14.625,2938
223,55.75,-83.375,14.625,2938
224,56.0,-83.375,14.625,2938
225,56.25,-83.375,14.625,2938
226,56.5,-83.375,14.625,2938
227,56.75,-83.375,14.625,2938
228,57.0,-83.375,14.625,2938
229,57.25,-83.375,14.625,2938
230,57.5,-83.375,14.625,2938
231,57.75,-83.375,14.625,2938
232,58.0,-83.375,14.625,2938
233,58.25,-83.375,14.625,2938
234,58.5,-83.375,14.625,2938
235,58.75,-83.375,14.625,2938
236,59.0,-83.375,14.625,2938
237,59.25,-83.375,14.625,2938
238,59.5,-83.375,14.625,2938
239,59.75,-83.375,14.625,2938
240,60.0,-83.375,14.625,2938
241,60.25,-83.375,14.625,2938
242,60.5,-83.375,14.625,2938
243,60.75,-83.375,14.625,2938
244,61.0,-83.375,14.625,2938
245,61.25,-83.375,14.625,2938
246,61.5,-83.375,14.625,2938
247,61.75,-83.375,14.625,2938
248,62.0,-83.375,14.625,2938
249,62.25,-83.375,14.625,2938
250,62.5,-83.375,14.625,2938
251,62.75,-83.375,14.625,2938
252,63.0,-83.375,14.625,2938
253,63.25,-83.375,14.625,2938
254,63.5,-83.375,14.625,2938
255,63.75,-83.375,14.625,2938
256,64.0,-83.375,14.625,2938
257,64.25,-83.375,14.625,2938
258,64.5,-83.375,14.625,2938
259,64.75,-83.375,14.625,2938
260,65.0,-83.375,14.625,2938
261,65.25,-83.375,14.625,2938
262,65.5,-83.375,14.625,2938
263,65.75,-83.375,14.625,2938
264,66.0,-83.375,14.625,2938
265,66.25,-83.375,14.625,2938
266,66.5,-83.375,14.625,2938
267,66.75,-83.375,14.625,2938
268,67.0,-83.375,14.625,2938
269,67.25,-83.375,14.625,2938
270,67.5,-83.375,14.625,2938
271,67.75,-83.375,14.625,2938
272,68.0,-83.375,14.625,2938
273,68.25,-83.375,14.625,2938
274,68.5,-83.375,14.625,2938
275,68.75,-83.375,14.625,2938
276,69.0,-83.375,14.625,2938
277,69.25,-83.375,14.625,2938
278,69.5,-83.375,14.625,2938
279,69.75,-83.375,14.625,2938
280,70.0,-83.375,14.625,2938
281,70.25,-83.375,14.625,2938
282,70.5,-83.375,14.625,2938
283,70.75,-83.375,14.625,2938
284,71.0,-83.375,14.625,2938
285,71.25,-83.375,14.625,2938
286,71.5,-83.375,14.625,2938
287,71.75,-83.375,14.625,2938
288,72.0,-83.375,14.625,2938
