,time,time15,time30,Longitude,Latitude,Velocity,range,rangesize
0,0.0,0.0,0.0,-90.892469,14.668771,815,470,5.0
1,0.0,0.25,0.0,-90.892469,14.668771,815,470,5.0
2,0.0,0.5,0.5,-90.892469,14.668771,815,470,5.0
3,1.0,0.75,1.0,-90.892469,14.668771,815,470,5.0
4,1.0,1.0,1.0,-90.892469,14.668771,815,470,5.0
5,1.0,1.25,1.0,-90.892469,14.668771,815,470,5.0
6,2.0,1.5,1.5,-90.892469,14.668771,815,470,5.0
7,2.0,1.75,2.0,-90.892469,14.668771,815,470,5.0
8,2.0,2.0,2.0,-90.892469,14.668771,815,470,5.0
9,2.0,2.25,2.0,-90.892469,14.668771,815,470,5.0
10,2.0,2.5,2.5,-90.892469,14.668771,815,470,5.0
11,3.0,2.75,3.0,-90.892469,14.668771,815,470,5.0
12,3.0,3.0,3.0,-90.892469,14.668771,815,470,5.0
13,3.0,3.25,3.0,-88.83470871374075,14.951610161519895,815,470,83.92857142857142
14,4.0,3.5,3.5,-86.60827994952965,15.097346309356965,815,470,83.92857142857142
15,4.0,3.75,4.0,-84.24487771328663,15.067275858331271,815,470,83.92857142857142
16,4.0,4.0,4.0,-81.7761970109317,14.822695223262878,815,470,83.92857142857142
17,4.0,4.25,4.0,-79.23402455871937,14.324901871676184,815,470,83.92857142857142
18,4.0,4.5,4.5,-77.37835609455087,13.543552076086256,815,470,83.92857142857142
19,5.0,4.75,5.0,-78.68784571621057,12.539511383200944,815,470,83.92857142857142
20,5.0,5.0,5.0,-79.78178231377169,11.893178154765055,815,470,83.92857142857142
21,5.0,5.25,5.0,-78.07904290485321,11.424742607525651,815,470,83.92857142857142
22,6.0,5.5,5.5,-77.71881256952886,9.713650124820699,815,470,83.92857142857142
23,6.0,5.75,6.0,-79.15123188414897,9.119074897538562,815,470,83.92857142857142
24,6.0,6.0,6.0,-81.45986400498768,9.803331457001882,815,470,83.92857142857142
25,6.0,6.25,6.0,-83.95678421074369,10.959367331642202,815,470,83.92857142857142
26,6.0,6.5,6.5,-86.25929173569106,12.1222395944662,815,470,83.92857142857142
27,7.0,6.75,7.0,-88.36004147705562,13.247721820447413,815,470,83.92857142857142
28,7.0,7.0,7.0,-90.27475504876583,14.317441859106946,815,470,83.92857142857142
29,7.0,7.25,7.0,-90.892469,14.668771,815,470,5.0
30,8.0,7.5,7.5,-90.892469,14.668771,815,470,5.0
31,8.0,7.75,8.0,-90.892469,14.668771,815,470,5.0
32,8.0,8.0,8.0,-90.892469,14.668771,815,470,5.0
33,8.0,8.25,8.0,-90.892469,14.668771,815,470,5.0
34,8.0,8.5,8.5,-90.892469,14.668771,815,470,5.0
35,9.0,8.75,9.0,-90.892469,14.668771,815,470,5.0
36,9.0,9.0,9.0,-90.892469,14.668771,815,470,5.0
37,9.0,9.25,9.0,-90.892469,14.668771,815,470,5.0
38,10.0,9.5,9.5,-90.892469,14.668771,815,470,5.0
39,10.0,9.75,10.0,-90.892469,14.668771,815,470,5.0
40,10.0,10.0,10.0,-90.892469,14.668771,815,470,5.0
41,10.0,10.25,10.0,-90.892469,14.668771,815,470,5.0
42,10.0,10.5,10.5,-90.892469,14.668771,815,470,5.0
43,11.0,10.75,11.0,-90.892469,14.668771,815,470,5.0
44,11.0,11.0,11.0,-90.892469,14.668771,815,470,5.0
45,11.0,11.25,11.0,-90.892469,14.668771,815,470,5.0
46,12.0,11.5,11.5,-90.892469,14.668771,815,470,5.0
47,12.0,11.75,12.0,-90.892469,14.668771,815,470,5.0
48,12.0,12.0,12.0,-90.892469,14.668771,815,470,5.0
49,12.0,12.25,12.0,-90.892469,14.668771,815,470,5.0
50,12.0,12.5,12.5,-90.892469,14.668771,815,470,5.0
51,13.0,12.75,13.0,-90.892469,14.668771,815,470,5.0
52,13.0,13.0,13.0,-90.892469,14.668771,815,470,5.0
53,13.0,13.25,13.0,-90.892469,14.668771,815,470,5.0
54,14.0,13.5,13.5,-90.892469,14.668771,815,470,5.0
55,14.0,13.75,14.0,-90.892469,14.668771,815,470,5.0
56,14.0,14.0,14.0,-90.892469,14.668771,815,470,5.0
57,14.0,14.25,14.0,-90.892469,14.668771,815,470,5.0
58,14.0,14.5,14.5,-90.892469,14.668771,815,470,5.0
59,15.0,14.75,15.0,-90.892469,14.668771,815,470,5.0
60,15.0,15.0,15.0,-90.892469,14.668771,815,470,5.0
61,15.0,15.25,15.0,-90.892469,14.668771,815,470,5.0
62,16.0,15.5,15.5,-90.892469,14.668771,815,470,5.0
63,16.0,15.75,16.0,-90.892469,14.668771,815,470,5.0
64,16.0,16.0,16.0,-90.892469,14.668771,815,470,5.0
65,16.0,16.25,16.0,-90.892469,14.668771,815,470,5.0
66,16.0,16.5,16.5,-90.892469,14.668771,815,470,5.0
67,17.0,16.75,17.0,-90.892469,14.668771,815,470,5.0
68,17.0,17.0,17.0,-90.892469,14.668771,815,470,5.0
69,17.0,17.25,17.0,-90.892469,14.668771,815,470,5.0
70,18.0,17.5,17.5,-90.892469,14.668771,815,470,5.0
71,18.0,17.75,18.0,-90.892469,14.668771,815,470,5.0
72,18.0,18.0,18.0,-90.892469,14.668771,815,470,5.0
73,18.0,18.25,18.0,-90.892469,14.668771,815,470,5.0
74,18.0,18.5,18.5,-90.892469,14.668771,815,470,5.0
75,19.0,18.75,19.0,-90.892469,14.668771,815,470,5.0
76,19.0,19.0,19.0,-90.892469,14.668771,815,470,5.0
77,19.0,19.25,19.0,-90.892469,14.668771,815,470,5.0
78,20.0,19.5,19.5,-90.892469,14.668771,815,470,5.0
79,20.0,19.75,20.0,-90.892469,14.668771,815,470,5.0
80,20.0,20.0,20.0,-90.892469,14.668770999999998,815,470,5.0
81,20.0,20.25,20.0,-89.44146848113819,14.802970588750805,815,470,83.92857142857142
82,20.0,20.5,20.5,-87.31741436621829,14.923627715042143,815,470,83.92857142857142
83,21.0,20.75,21.0,-84.75247752703741,14.942927712280392,815,470,83.92857142857142
84,21.0,21.0,21.0,-81.97882883539273,14.773055913871927,815,470,83.92857142857142
85,21.0,21.25,21.0,-79.22871916146147,14.326201574998388,815,470,83.92857142857142
86,22.0,21.5,21.5,-77.36961232863715,13.545694111943554,815,470,83.92857142857142
87,22.0,21.75,22.0,-78.6949797959566,12.537763425254514,815,470,83.92857142857142
88,22.0,22.0,22.0,-79.78021568781828,11.89356234976219,815,470,83.92857142857142
89,22.0,22.25,22.0,-78.07849069095394,11.424878797187148,815,470,83.92857142857142
90,22.0,22.5,22.5,-77.71880619800416,9.713653085208165,815,470,83.92857142857142
91,23.0,22.75,23.0,-79.15202582198168,9.118914972120116,815,470,83.92857142857142
92,23.0,23.0,23.0,-81.46101318187314,9.80309121048636,815,470,83.92857142857142
93,23.0,23.25,23.0,-83.95501851512732,10.95974045736694,815,470,83.92857142857142
94,24.0,23.5,23.5,-86.25209821935033,12.123764263697634,815,470,83.92857142857142
95,24.0,23.75,24.0,-88.35006966345004,13.24983789496396,815,470,83.92857142857142
96,24.0,24.0,24.0,-90.27008765380246,14.318432955807909,815,470,83.92857142857142
97,24.0,24.25,24.0,-90.892469,14.668771,815,470,5.0
98,24.0,24.5,24.5,-90.892469,14.668771,815,470,5.0
99,25.0,24.75,25.0,-90.892469,14.668771,815,470,5.0
100,25.0,25.0,25.0,-90.892469,14.668771,815,470,5.0
101,25.0,25.25,25.0,-90.892469,14.668771,815,470,5.0
102,26.0,25.5,25.5,-90.892469,14.668771,815,470,5.0
103,26.0,25.75,26.0,-90.892469,14.668771,815,470,5.0
104,26.0,26.0,26.0,-90.892469,14.668771,815,470,5.0
105,26.0,26.25,26.0,-90.892469,14.668771,815,470,5.0
106,26.0,26.5,26.5,-90.892469,14.668771,815,470,5.0
107,27.0,26.75,27.0,-90.892469,14.668771,815,470,5.0
108,27.0,27.0,27.0,-90.892469,14.668771,815,470,5.0
109,27.0,27.25,27.0,-90.892469,14.668771,815,470,5.0
110,28.0,27.5,27.5,-90.892469,14.668771,815,470,5.0
111,28.0,27.75,28.0,-90.892469,14.668771,815,470,5.0
112,28.0,28.0,28.0,-90.892469,14.668771,815,470,5.0
113,28.0,28.25,28.0,-90.892469,14.668771,815,470,5.0
114,28.0,28.5,28.5,-90.892469,14.668771,815,470,5.0
115,29.0,28.75,29.0,-90.892469,14.668771,815,470,5.0
116,29.0,29.0,29.0,-90.892469,14.668771,815,470,5.0
117,29.0,29.25,29.0,-90.892469,14.668771,815,470,5.0
118,30.0,29.5,29.5,-90.892469,14.668771,815,470,5.0
119,30.0,29.75,30.0,-90.892469,14.668771,815,470,5.0
120,30.0,30.0,30.0,-90.892469,14.668771,815,470,5.0
121,30.0,30.25,30.0,-90.892469,14.668771,815,470,5.0
122,30.0,30.5,30.5,-90.892469,14.668771,815,470,5.0
123,31.0,30.75,31.0,-90.892469,14.668771,815,470,5.0
124,31.0,31.0,31.0,-90.892469,14.668771,815,470,5.0
125,31.0,31.25,31.0,-90.892469,14.668771,815,470,5.0
126,32.0,31.5,31.5,-90.892469,14.668771,815,470,5.0
127,32.0,31.75,32.0,-90.892469,14.668771,815,470,5.0
128,32.0,32.0,32.0,-90.892469,14.668771,815,470,5.0
129,32.0,32.25,32.0,-90.892469,14.668771,815,470,5.0
130,32.0,32.5,32.5,-90.892469,14.668771,815,470,5.0
131,33.0,32.75,33.0,-90.892469,14.668771,815,470,5.0
132,33.0,33.0,33.0,-90.892469,14.668771,815,470,5.0
133,33.0,33.25,33.0,-90.892469,14.668771,815,470,5.0
134,34.0,33.5,33.5,-90.892469,14.668771,815,470,5.0
135,34.0,33.75,34.0,-90.892469,14.668771,815,470,5.0
136,34.0,34.0,34.0,-90.892469,14.668771,815,470,5.0
137,34.0,34.25,34.0,-90.892469,14.668771,815,470,5.0
138,34.0,34.5,34.5,-90.892469,14.668771,815,470,5.0
139,35.0,34.75,35.0,-90.892469,14.668771,815,470,5.0
140,35.0,35.0,35.0,-90.892469,14.668771,815,470,5.0
141,35.0,35.25,35.0,-90.892469,14.668771,815,470,5.0
142,36.0,35.5,35.5,-90.892469,14.668771,815,470,5.0
143,36.0,35.75,36.0,-90.892469,14.668771,815,470,5.0
144,36.0,36.0,36.0,-90.89080198697711,14.672001361855264,815,470,83.92857142857142
145,36.0,36.25,36.0,-90.52448456804932,14.695034077001903,815,470,83.92857142857142
146,36.0,36.5,36.5,-88.6424137268338,14.792597635730237,815,470,83.92857142857142
147,37.0,36.75,37.0,-85.71492740037898,14.847981357665834,815,470,83.92857142857142
148,37.0,37.0,37.0,-82.36572424220363,14.734931925751967,815,470,83.92857142857142
149,37.0,37.25,37.0,-79.21856029318806,14.327202168626473,815,470,83.92857142857142
150,38.0,37.5,37.5,-77.3528657645015,13.547343713068555,815,470,83.92857142857142
151,38.0,37.75,38.0,-78.70866564435221,12.536414444547729,815,470,83.92857142857142
152,38.0,38.0,38.0,-79.77717850546314,11.893862959740959,815,470,83.92857142857142
153,38.0,38.25,38.0,-78.0773511201553,11.424994255580954,815,470,83.92857142857142
154,38.0,38.5,38.5,-77.7186664593607,9.713671838738632,815,470,83.92857142857142
155,39.0,38.75,39.0,-79.1504357501579,9.119193292810413,815,470,83.92857142857142
156,39.0,39.0,39.0,-81.4595002075124,9.803385539337055,815,470,83.92857142857142
157,39.0,39.25,39.0,-83.95697813710379,10.959338470612943,815,470,83.92857142857142
158,40.0,39.5,39.5,-86.25968121199107,12.122181673829552,815,470,83.92857142857142
159,40.0,39.75,40.0,-88.36035405312957,13.247675356667202,815,470,83.92857142857142
160,40.0,40.0,40.0,-90.892469,14.668771,815,470,5.0
161,40.0,40.25,40.0,-90.892469,14.668771,815,470,5.0
162,40.0,40.5,40.5,-90.892469,14.668771,815,470,5.0
163,41.0,40.75,41.0,-90.892469,14.668771,815,470,5.0
164,41.0,41.0,41.0,-90.892469,14.668771,815,470,5.0
165,41.0,41.25,41.0,-90.892469,14.668771,815,470,5.0
166,42.0,41.5,41.5,-90.892469,14.668771,815,470,5.0
167,42.0,41.75,42.0,-90.892469,14.668771,815,470,5.0
168,42.0,42.0,42.0,-90.892469,14.668771,815,470,5.0
169,42.0,42.25,42.0,-90.892469,14.668771,815,470,5.0
170,42.0,42.5,42.5,-90.892469,14.668771,815,470,5.0
171,43.0,42.75,43.0,-90.892469,14.668771,815,470,5.0
172,43.0,43.0,43.0,-90.892469,14.668771,815,470,5.0
173,43.0,43.25,43.0,-90.892469,14.668771,815,470,5.0
174,44.0,43.5,43.5,-90.892469,14.668771,815,470,5.0
175,44.0,43.75,44.0,-90.892469,14.668771,815,470,5.0
176,44.0,44.0,44.0,-90.892469,14.668771,815,470,5.0
177,44.0,44.25,44.0,-90.892469,14.668771,815,470,5.0
178,44.0,44.5,44.5,-90.892469,14.668771,815,470,5.0
179,45.0,44.75,45.0,-90.892469,14.668771,815,470,5.0
180,45.0,45.0,45.0,-90.892469,14.668771,815,470,5.0
181,45.0,45.25,45.0,-90.892469,14.668771,815,470,5.0
182,46.0,45.5,45.5,-90.892469,14.668771,815,470,5.0
183,46.0,45.75,46.0,-90.892469,14.668771,815,470,5.0
184,46.0,46.0,46.0,-90.892469,14.668771,815,470,5.0
185,46.0,46.25,46.0,-90.892469,14.668771,815,470,5.0
186,46.0,46.5,46.5,-90.892469,14.668771,815,470,5.0
187,47.0,46.75,47.0,-90.892469,14.668771,815,470,5.0
188,47.0,47.0,47.0,-90.892469,14.668771,815,470,5.0
189,47.0,47.25,47.0,-90.892469,14.668771,815,470,5.0
190,48.0,47.5,47.5,-90.892469,14.668771,815,470,5.0
191,48.0,47.75,48.0,-90.892469,14.668771,815,470,5.0
192,48.0,48.0,48.0,-90.892469,14.668771,815,470,5.0
193,48.0,48.25,48.0,-90.892469,14.668771,815,470,5.0
194,48.0,48.5,48.5,-90.892469,14.668771,815,470,5.0
195,49.0,48.75,49.0,-90.892469,14.668771,815,470,5.0
196,49.0,49.0,49.0,-90.892469,14.668771,815,470,5.0
197,49.0,49.25,49.0,-90.892469,14.668771,815,470,5.0
198,50.0,49.5,49.5,-90.892469,14.668771,815,470,5.0
199,50.0,49.75,50.0,-90.892469,14.668771,815,470,5.0
200,50.0,50.0,50.0,-90.892469,14.668771,815,470,5.0
201,50.0,50.25,50.0,-90.892469,14.668771,815,470,5.0
202,50.0,50.5,50.5,-90.892469,14.668771,815,470,5.0
203,51.0,50.75,51.0,-90.892469,14.668771,815,470,5.0
204,51.0,51.0,51.0,-90.892469,14.668771,815,470,5.0
205,51.0,51.25,51.0,-90.892469,14.668771,815,470,5.0
206,52.0,51.5,51.5,-90.892469,14.668771,815,470,5.0
207,52.0,51.75,52.0,-90.892469,14.668771,815,470,5.0
208,52.0,52.0,52.0,-90.892469,14.668771,815,470,5.0
209,52.0,52.25,52.0,-90.892469,14.668771,815,470,5.0
210,52.0,52.5,52.5,-90.892469,14.668771,815,470,5.0
211,53.0,52.75,53.0,-90.892469,14.668771,815,470,5.0
212,53.0,53.0,53.0,-90.89246900000002,14.668771000000001,815,470,83.92857142857142
213,53.0,53.25,53.0,-89.44146989764295,14.802966325883714,815,470,83.92857142857142
214,54.0,53.5,53.5,-87.31741911445425,14.92361863735711,815,470,83.92857142857142
215,54.0,53.75,54.0,-84.75248484215105,14.94291602824802,815,470,83.92857142857142
216,54.0,54.0,54.0,-81.97883527245048,14.773046592384249,815,470,83.92857142857142
217,54.0,54.25,54.0,-79.22871859693367,14.326202343449925,815,470,83.92857142857142
218,54.0,54.5,54.5,-77.36960774291916,13.545700219008483,815,470,83.92857142857142
219,55.0,54.75,55.0,-78.69500409664403,12.537731216849227,815,470,83.92857142857142
220,55.0,55.0,55.0,-79.78018100945052,11.893608278973561,815,470,83.92857142857142
221,55.0,55.25,55.0,-78.07841479648319,11.424979303093027,815,470,83.92857142857142
222,56.0,55.5,55.5,-77.71868855895677,9.713808869486758,815,470,83.92857142857142
223,56.0,55.75,56.0,-79.14915669731869,9.122714425500337,815,470,83.92857142857142
224,56.0,56.0,56.0,-81.4575876889674,9.807627436637611,815,470,83.92857142857142
225,56.0,56.25,56.0,-83.9599448372045,10.953216751106577,815,470,83.92857142857142
226,56.0,56.5,56.5,-86.27179896162039,12.097675459291573,815,470,83.92857142857142
227,57.0,56.75,57.0,-88.37716962433407,13.213950639383013,815,470,83.92857142857142
228,57.0,57.0,57.0,-90.892469,14.668771,815,470,5.0
229,57.0,57.25,57.0,-90.892469,14.668771,815,470,5.0
230,58.0,57.5,57.5,-90.892469,14.668771,815,470,5.0
231,58.0,57.75,58.0,-90.892469,14.668771,815,470,5.0
232,58.0,58.0,58.0,-90.892469,14.668771,815,470,5.0
233,58.0,58.25,58.0,-90.892469,14.668771,815,470,5.0
234,58.0,58.5,58.5,-90.892469,14.668771,815,470,5.0
235,59.0,58.75,59.0,-90.892469,14.668771,815,470,5.0
236,59.0,59.0,59.0,-90.892469,14.668771,815,470,5.0
237,59.0,59.25,59.0,-90.892469,14.668771,815,470,5.0
238,60.0,59.5,59.5,-90.892469,14.668771,815,470,5.0
239,60.0,59.75,60.0,-90.892469,14.668771,815,470,5.0
240,60.0,60.0,60.0,-90.892469,14.668771,815,470,5.0
241,60.0,60.25,60.0,-90.892469,14.668771,815,470,5.0
242,60.0,60.5,60.5,-90.892469,14.668771,815,470,5.0
243,61.0,60.75,61.0,-90.892469,14.668771,815,470,5.0
244,61.0,61.0,61.0,-90.892469,14.668771,815,470,5.0
245,61.0,61.25,61.0,-90.892469,14.668771,815,470,5.0
246,62.0,61.5,61.5,-90.892469,14.668771,815,470,5.0
247,62.0,61.75,62.0,-90.892469,14.668771,815,470,5.0
248,62.0,62.0,62.0,-90.892469,14.668771,815,470,5.0
249,62.0,62.25,62.0,-90.892469,14.668771,815,470,5.0
250,62.0,62.5,62.5,-90.892469,14.668771,815,470,5.0
251,63.0,62.75,63.0,-90.892469,14.668771,815,470,5.0
252,63.0,63.0,63.0,-90.892469,14.668771,815,470,5.0
253,63.0,63.25,63.0,-90.892469,14.668771,815,470,5.0
254,64.0,63.5,63.5,-90.892469,14.668771,815,470,5.0
255,64.0,63.75,64.0,-90.892469,14.668771,815,470,5.0
256,64.0,64.0,64.0,-90.892469,14.668771,815,470,5.0
257,64.0,64.25,64.0,-90.892469,14.668771,815,470,5.0
258,64.0,64.5,64.5,-90.892469,14.668771,815,470,5.0
259,65.0,64.75,65.0,-90.892469,14.668771,815,470,5.0
260,65.0,65.0,65.0,-90.892469,14.668771,815,470,5.0
261,65.0,65.25,65.0,-90.892469,14.668771,815,470,5.0
262,66.0,65.5,65.5,-90.892469,14.668771,815,470,5.0
263,66.0,65.75,66.0,-90.892469,14.668771,815,470,5.0
264,66.0,66.0,66.0,-90.892469,14.668771,815,470,5.0
265,66.0,66.25,66.0,-90.892469,14.668771,815,470,5.0
266,66.0,66.5,66.5,-90.892469,14.668771,815,470,5.0
267,67.0,66.75,67.0,-90.892469,14.668771,815,470,5.0
268,67.0,67.0,67.0,-90.892469,14.668771,815,470,5.0
269,67.0,67.25,67.0,-90.892469,14.668771,815,470,5.0
270,68.0,67.5,67.5,-90.892469,14.668771,815,470,5.0
271,68.0,67.75,68.0,-90.892469,14.668771,815,470,5.0
272,68.0,68.0,68.0,-90.892469,14.668771,815,470,5.0
273,68.0,68.25,68.0,-90.892469,14.668771,815,470,5.0
274,68.0,68.5,68.5,-90.892469,14.668771,815,470,5.0
275,69.0,68.75,69.0,-90.892469,14.668771,815,470,5.0
276,69.0,69.0,69.0,-90.892469,14.668771,815,470,5.0
277,69.0,69.25,69.0,-90.892469,14.668771,815,470,5.0
278,70.0,69.5,69.5,-90.892469,14.668771,815,470,5.0
279,70.0,69.75,70.0,-90.892469,14.668771,815,470,5.0
280,70.0,70.0,70.0,-90.892469,14.668771,815,470,5.0
281,70.0,70.25,70.0,-90.892469,14.668771,815,470,5.0
282,70.0,70.5,70.5,-90.892469,14.668771,815,470,5.0
283,71.0,70.75,71.0,-90.892469,14.668771,815,470,5.0
284,71.0,71.0,71.0,-90.892469,14.668771,815,470,5.0
285,71.0,71.25,71.0,-90.892469,14.668771,815,470,5.0
286,72.0,71.5,71.5,-90.892469,14.668771,815,470,5.0
287,72.0,71.75,72.0,-90.892469,14.668771,815,470,5.0
288,72.0,72.0,72.0,-90.892469,14.668771,815,470,5.0
