,time,crumb_id,geometry,Longitude,Latitude,Iteration,rank
0,0,0,POINT (-80.16 -2.77),-80.16,-2.77,track_0,0
1,1,1,POINT (-81.04000000000001 -2.77),-81.04,-2.77,track_0,0
2,2,2,POINT (-81.92 -2.77),-81.92,-2.77,track_0,0
3,3,3,POINT (-82.8 -2.77),-82.8,-2.77,track_0,0
4,4,4,POINT (-83.68000000000001 -2.77),-83.68,-2.77,track_0,0
5,5,5,POINT (-84.56 -2.77),-84.56,-2.77,track_0,0
6,6,6,POINT (-84.56 -2.77),-84.56,-2.77,track_0,0
7,7,7,POINT (-84.56 -1.95),-84.56,-1.95,track_0,0
8,8,8,POINT (-84.56 -2.77),-84.56,-2.77,track_0,0
9,9,9,POINT (-83.68000000000001 -2.77),-83.68,-2.77,track_0,0
10,10,10,POINT (-83.68000000000001 -1.95),-83.68,-1.95,track_0,0
11,11,11,POINT (-83.68000000000001 -1.13),-83.68,-1.13,track_0,0
12,12,12,POINT (-84.56 -1.13),-84.56,-1.13,track_0,0
13,13,13,POINT (-85.44 -1.13),-85.44,-1.13,track_0,0
14,14,14,POINT (-84.56 -1.13),-84.56,-1.13,track_0,0
15,15,15,POINT (-85.44 -1.13),-85.44,-1.13,track_0,0
16,16,16,POINT (-86.31999999999999 -1.13),-86.32,-1.13,track_0,0
17,17,17,POINT (-86.31999999999999 -1.95),-86.32,-1.95,track_0,0
18,18,18,POINT (-86.31999999999999 -1.13),-86.32,-1.13,track_0,0
19,19,19,POINT (-86.31999999999999 -1.95),-86.32,-1.95,track_0,0
20,20,20,POINT (-86.31999999999999 -2.77),-86.32,-2.77,track_0,0
21,21,21,POINT (-86.31999999999999 -1.95),-86.32,-1.95,track_0,0
22,22,22,POINT (-85.44 -1.95),-85.44,-1.95,track_0,0
23,23,23,POINT (-85.44 -1.13),-85.44,-1.13,track_0,0
24,24,24,POINT (-86.31999999999999 -1.13),-86.32,-1.13,track_0,0
25,25,25,POINT (-87.2 -1.13),-87.2,-1.13,track_0,0
26,26,26,POINT (-86.31999999999999 -1.13),-86.32,-1.13,track_0,0
27,27,27,POINT (-86.31999999999999 -1.95),-86.32,-1.95,track_0,0
28,28,28,POINT (-87.2 -1.95),-87.2,-1.95,track_0,0
29,29,29,POINT (-87.2 -1.13),-87.2,-1.13,track_0,0
30,30,30,POINT (-88.08 -1.13),-88.08,-1.13,track_0,0
31,31,31,POINT (-87.2 -1.13),-87.2,-1.13,track_0,0
32,32,32,POINT (-88.08 -1.13),-88.08,-1.13,track_0,0
33,33,33,POINT (-88.08 -1.95),-88.08,-1.95,track_0,0
34,34,34,POINT (-87.2 -1.95),-87.2,-1.95,track_0,0
35,35,35,POINT (-87.2 -2.77),-87.2,-2.77,track_0,0
36,36,36,POINT (-88.08 -2.77),-88.08,-2.77,track_0,0
37,37,37,POINT (-88.08 -2.77),-88.08,-2.77,track_0,0
38,38,38,POINT (-88.08 -1.95),-88.08,-1.95,track_0,0
39,39,39,POINT (-88.08 -1.13),-88.08,-1.13,track_0,0
40,40,40,POINT (-88.08 -1.95),-88.08,-1.95,track_0,0
41,41,41,POINT (-88.95999999999999 -1.95),-88.96,-1.95,track_0,0
42,42,42,POINT (-88.95999999999999 -1.13),-88.96,-1.13,track_0,0
43,43,43,POINT (-88.95999999999999 -0.31),-88.96,-0.31,track_0,0
44,44,44,POINT (-88.95999999999999 0.51),-88.96,0.51,track_0,0
45,45,45,POINT (-88.08 0.51),-88.08,0.51,track_0,0
46,46,46,POINT (-87.2 0.51),-87.2,0.51,track_0,0
47,47,47,POINT (-87.2 1.33),-87.2,1.33,track_0,0
48,48,48,POINT (-86.31999999999999 1.33),-86.32,1.33,track_0,0
49,49,49,POINT (-86.31999999999999 2.15),-86.32,2.15,track_0,0
50,50,50,POINT (-85.44 2.15),-85.44,2.15,track_0,0
51,51,51,POINT (-85.44 2.97),-85.44,2.97,track_0,0
52,52,52,POINT (-85.44 3.79),-85.44,3.79,track_0,0
53,53,53,POINT (-86.31999999999999 3.79),-86.32,3.79,track_0,0
54,54,54,POINT (-86.31999999999999 2.97),-86.32,2.97,track_0,0
55,55,55,POINT (-87.2 2.97),-87.2,2.97,track_0,0
56,56,56,POINT (-88.08 2.97),-88.08,2.97,track_0,0
57,57,57,POINT (-88.95999999999999 2.97),-88.96,2.97,track_0,0
58,58,58,POINT (-88.95999999999999 3.79),-88.96,3.79,track_0,0
59,59,59,POINT (-88.08 3.79),-88.08,3.79,track_0,0
60,60,60,POINT (-88.08 2.97),-88.08,2.97,track_0,0
61,61,61,POINT (-88.08 3.79),-88.08,3.79,track_0,0
62,62,62,POINT (-87.2 3.79),-87.2,3.79,track_0,0
63,63,63,POINT (-86.31999999999999 3.79),-86.32,3.79,track_0,0
64,64,64,POINT (-87.2 3.79),-87.2,3.79,track_0,0
65,65,65,POINT (-86.31999999999999 3.79),-86.32,3.79,track_0,0
66,66,66,POINT (-86.31999999999999 4.61),-86.32,4.61,track_0,0
67,67,67,POINT (-86.31999999999999 3.79),-86.32,3.79,track_0,0
68,68,68,POINT (-85.44 3.79),-85.44,3.79,track_0,0
69,69,69,POINT (-86.31999999999999 3.79),-86.32,3.79,track_0,0
70,70,70,POINT (-87.2 3.79),-87.2,3.79,track_0,0
71,71,71,POINT (-87.2 4.61),-87.2,4.61,track_0,0
72,72,72,POINT (-87.2 5.43),-87.2,5.43,track_0,0
73,73,73,POINT (-86.31999999999999 5.43),-86.32,5.43,track_0,0
74,74,74,POINT (-85.44 5.43),-85.44,5.43,track_0,0
75,75,75,POINT (-85.44 6.25),-85.44,6.25,track_0,0
76,76,76,POINT (-85.44 7.07),-85.44,7.07,track_0,0
77,77,77,POINT (-85.44 6.25),-85.44,6.25,track_0,0
78,78,78,POINT (-86.31999999999999 6.25),-86.32,6.25,track_0,0
79,79,79,POINT (-87.2 6.25),-87.2,6.25,track_0,0
80,80,80,POINT (-87.2 5.43),-87.2,5.43,track_0,0
81,81,81,POINT (-87.2 6.25),-87.2,6.25,track_0,0
82,82,82,POINT (-88.08 6.25),-88.08,6.25,track_0,0
83,83,83,POINT (-88.95999999999999 6.25),-88.96,6.25,track_0,0
84,84,84,POINT (-89.84 6.25),-89.84,6.25,track_0,0
85,85,85,POINT (-90.72 6.25),-90.72,6.25,track_0,0
86,86,86,POINT (-90.72 5.43),-90.72,5.43,track_0,0
87,87,87,POINT (-89.84 5.43),-89.84,5.43,track_0,0
88,88,88,POINT (-88.95999999999999 5.43),-88.96,5.43,track_0,0
89,89,89,POINT (-89.84 5.43),-89.84,5.43,track_0,0
90,90,90,POINT (-90.72 5.43),-90.72,5.43,track_0,0
91,91,91,POINT (-91.59999999999999 5.43),-91.6,5.43,track_0,0
92,92,92,POINT (-90.72 5.43),-90.72,5.43,track_0,0
93,93,93,POINT (-90.72 4.61),-90.72,4.61,track_0,0
94,94,94,POINT (-89.84 4.61),-89.84,4.61,track_0,0
95,95,95,POINT (-89.84 3.79),-89.84,3.79,track_0,0
96,96,96,POINT (-89.84 4.61),-89.84,4.61,track_0,0
97,97,97,POINT (-89.84 5.43),-89.84,5.43,track_0,0
98,98,98,POINT (-89.84 4.61),-89.84,4.61,track_0,0
99,99,99,POINT (-90.72 4.61),-90.72,4.61,track_0,0
100,100,100,POINT (-90.72 3.79),-90.72,3.79,track_0,0
101,101,101,POINT (-91.59999999999999 3.79),-91.6,3.79,track_0,0
102,102,102,POINT (-92.48 3.79),-92.48,3.79,track_0,0
103,103,103,POINT (-91.59999999999999 3.79),-91.6,3.79,track_0,0
104,104,104,POINT (-90.72 3.79),-90.72,3.79,track_0,0
105,105,105,POINT (-90.72 2.97),-90.72,2.97,track_0,0
106,106,106,POINT (-90.72 2.15),-90.72,2.15,track_0,0
107,107,107,POINT (-90.72 2.97),-90.72,2.97,track_0,0
108,108,108,POINT (-91.59999999999999 2.97),-91.6,2.97,track_0,0
109,109,109,POINT (-91.59999999999999 3.79),-91.6,3.79,track_0,0
110,110,110,POINT (-91.59999999999999 4.61),-91.6,4.61,track_0,0
111,111,111,POINT (-91.59999999999999 3.79),-91.6,3.79,track_0,0
112,112,112,POINT (-92.48 3.79),-92.48,3.79,track_0,0
113,113,113,POINT (-92.48 4.61),-92.48,4.61,track_0,0
114,114,114,POINT (-92.48 3.79),-92.48,3.79,track_0,0
115,115,115,POINT (-92.48 2.97),-92.48,2.97,track_0,0
116,116,116,POINT (-92.48 2.15),-92.48,2.15,track_0,0
117,117,117,POINT (-92.48 1.33),-92.48,1.33,track_0,0
118,118,118,POINT (-92.48 2.15),-92.48,2.15,track_0,0
119,119,119,POINT (-92.48 1.33),-92.48,1.33,track_0,0
120,120,120,POINT (-92.48 0.51),-92.48,0.51,track_0,0
121,121,121,POINT (-91.59999999999999 0.51),-91.6,0.51,track_0,0
122,122,122,POINT (-90.72 0.51),-90.72,0.51,track_0,0
123,123,123,POINT (-90.72 1.33),-90.72,1.33,track_0,0
124,124,124,POINT (-91.59999999999999 1.33),-91.6,1.33,track_0,0
125,125,125,POINT (-92.48 1.33),-92.48,1.33,track_0,0
126,126,126,POINT (-91.59999999999999 1.33),-91.6,1.33,track_0,0
127,127,127,POINT (-91.59999999999999 2.15),-91.6,2.15,track_0,0
128,128,128,POINT (-91.59999999999999 1.33),-91.6,1.33,track_0,0
129,129,129,POINT (-90.72 1.33),-90.72,1.33,track_0,0
130,130,130,POINT (-90.72 0.51),-90.72,0.51,track_0,0
131,131,131,POINT (-90.72 1.33),-90.72,1.33,track_0,0
132,132,132,POINT (-90.72 2.15),-90.72,2.15,track_0,0
133,133,133,POINT (-90.72 1.33),-90.72,1.33,track_0,0
134,134,134,POINT (-89.84 1.33),-89.84,1.33,track_0,0
135,135,135,POINT (-88.95999999999999 1.33),-88.96,1.33,track_0,0
136,136,136,POINT (-88.95999999999999 0.51),-88.96,0.51,track_0,0
137,137,137,POINT (-89.84 0.51),-89.84,0.51,track_0,0
138,138,138,POINT (-89.84 -0.31),-89.84,-0.31,track_0,0
139,139,139,POINT (-89.84 -1.13),-89.84,-1.13,track_0,0
140,140,140,POINT (-90.72 -1.13),-90.72,-1.13,track_0,0
141,141,141,POINT (-90.72 -1.95),-90.72,-1.95,track_0,0
142,142,142,POINT (-89.84 -1.95),-89.84,-1.95,track_0,0
143,143,143,POINT (-88.95999999999999 -1.95),-88.96,-1.95,track_0,0
144,144,144,POINT (-88.08 -1.95),-88.08,-1.95,track_0,0
145,145,145,POINT (-88.08 -2.77),-88.08,-2.77,track_0,0
146,146,146,POINT (-88.08 -1.95),-88.08,-1.95,track_0,0
147,147,147,POINT (-87.2 -1.95),-87.2,-1.95,track_0,0
148,148,148,POINT (-87.2 -1.13),-87.2,-1.13,track_0,0
149,149,149,POINT (-88.08 -1.13),-88.08,-1.13,track_0,0
150,150,150,POINT (-88.08 -0.31),-88.08,-0.31,track_0,0
151,151,151,POINT (-87.2 -0.31),-87.2,-0.31,track_0,0
152,152,152,POINT (-88.08 -0.31),-88.08,-0.31,track_0,0
153,153,153,POINT (-88.95999999999999 -0.31),-88.96,-0.31,track_0,0
154,154,154,POINT (-89.84 -0.31),-89.84,-0.31,track_0,0
155,155,155,POINT (-89.84 0.51),-89.84,0.51,track_0,0
156,156,156,POINT (-89.84 1.33),-89.84,1.33,track_0,0
157,157,157,POINT (-89.84 0.51),-89.84,0.51,track_0,0
158,158,158,POINT (-89.84 -0.31),-89.84,-0.31,track_0,0
159,159,159,POINT (-90.72 -0.31),-90.72,-0.31,track_0,0
160,160,160,POINT (-91.59999999999999 -0.31),-91.6,-0.31,track_0,0
161,161,161,POINT (-91.59999999999999 -1.13),-91.6,-1.13,track_0,0
162,162,162,POINT (-91.59999999999999 -0.31),-91.6,-0.31,track_0,0
163,163,163,POINT (-91.59999999999999 -1.13),-91.6,-1.13,track_0,0
164,164,164,POINT (-92.48 -1.13),-92.48,-1.13,track_0,0
165,165,165,POINT (-91.59999999999999 -1.13),-91.6,-1.13,track_0,0
166,166,166,POINT (-92.48 -1.13),-92.48,-1.13,track_0,0
167,167,167,POINT (-92.48 -0.31),-92.48,-0.31,track_0,0
168,168,168,POINT (-92.48 0.51),-92.48,0.51,track_0,0
169,169,169,POINT (-92.48 -0.31),-92.48,-0.31,track_0,0
170,170,170,POINT (-92.48 0.51),-92.48,0.51,track_0,0
171,171,171,POINT (-92.48 1.33),-92.48,1.33,track_0,0
172,172,172,POINT (-92.48 0.51),-92.48,0.51,track_0,0
173,173,173,POINT (-93.36 0.51),-93.36,0.51,track_0,0
174,174,174,POINT (-93.36 -0.31),-93.36,-0.31,track_0,0
175,175,175,POINT (-94.23999999999999 -0.31),-94.24,-0.31,track_0,0
176,176,176,POINT (-93.36 -0.31),-93.36,-0.31,track_0,0
177,177,177,POINT (-94.23999999999999 -0.31),-94.24,-0.31,track_0,0
178,178,178,POINT (-94.23999999999999 0.51),-94.24,0.51,track_0,0
179,179,179,POINT (-94.23999999999999 -0.31),-94.24,-0.31,track_0,0
180,180,180,POINT (-94.23999999999999 -1.13),-94.24,-1.13,track_0,0
181,181,181,POINT (-94.23999999999999 -1.95),-94.24,-1.95,track_0,0
182,182,182,POINT (-94.23999999999999 -1.13),-94.24,-1.13,track_0,0
183,183,183,POINT (-94.23999999999999 -0.31),-94.24,-0.31,track_0,0
184,184,184,POINT (-95.12 -0.31),-95.12,-0.31,track_0,0
185,185,185,POINT (-95.12 -1.13),-95.12,-1.13,track_0,0
186,186,186,POINT (-94.23999999999999 -1.13),-94.24,-1.13,track_0,0
187,187,187,POINT (-95.12 -1.13),-95.12,-1.13,track_0,0
188,188,188,POINT (-95.12 -1.95),-95.12,-1.95,track_0,0
189,189,189,POINT (-95.12 -1.13),-95.12,-1.13,track_0,0
190,190,190,POINT (-94.23999999999999 -1.13),-94.24,-1.13,track_0,0
191,191,191,POINT (-94.23999999999999 -0.31),-94.24,-0.31,track_0,0
192,192,192,POINT (-94.23999999999999 0.51),-94.24,0.51,track_0,0
193,193,193,POINT (-93.36 0.51),-93.36,0.51,track_0,0
194,194,194,POINT (-92.48 0.51),-92.48,0.51,track_0,0
195,195,195,POINT (-92.48 1.33),-92.48,1.33,track_0,0
196,196,196,POINT (-93.36 1.33),-93.36,1.33,track_0,0
197,197,197,POINT (-93.36 0.51),-93.36,0.51,track_0,0
198,198,198,POINT (-93.36 -0.31),-93.36,-0.31,track_0,0
199,199,199,POINT (-92.48 -0.31),-92.48,-0.31,track_0,0
200,200,200,POINT (-93.36 -0.31),-93.36,-0.31,track_0,0
201,201,201,POINT (-93.36 0.51),-93.36,0.51,track_0,0
202,202,202,POINT (-92.48 0.51),-92.48,0.51,track_0,0
203,203,203,POINT (-92.48 -0.31),-92.48,-0.31,track_0,0
204,204,204,POINT (-91.59999999999999 -0.31),-91.6,-0.31,track_0,0
205,205,205,POINT (-90.72 -0.31),-90.72,-0.31,track_0,0
206,206,206,POINT (-90.72 -1.13),-90.72,-1.13,track_0,0
207,207,207,POINT (-90.72 -1.95),-90.72,-1.95,track_0,0
208,208,208,POINT (-90.72 -2.77),-90.72,-2.77,track_0,0
209,209,209,POINT (-91.59999999999999 -2.77),-91.6,-2.77,track_0,0
210,210,210,POINT (-90.72 -2.77),-90.72,-2.77,track_0,0
211,211,211,POINT (-89.84 -2.77),-89.84,-2.77,track_0,0
212,212,212,POINT (-89.84 -2.77),-89.84,-2.77,track_0,0
213,213,213,POINT (-89.84 -2.77),-89.84,-2.77,track_0,0
214,214,214,POINT (-90.72 -2.77),-90.72,-2.77,track_0,0
215,215,215,POINT (-90.72 -1.95),-90.72,-1.95,track_0,0
216,216,216,POINT (-90.72 -2.77),-90.72,-2.77,track_0,0
217,217,217,POINT (-91.59999999999999 -2.77),-91.6,-2.77,track_0,0
218,218,218,POINT (-91.59999999999999 -1.95),-91.6,-1.95,track_0,0
219,219,219,POINT (-92.48 -1.95),-92.48,-1.95,track_0,0
220,220,220,POINT (-92.48 -1.13),-92.48,-1.13,track_0,0
221,221,221,POINT (-92.48 -0.31),-92.48,-0.31,track_0,0
222,222,222,POINT (-92.48 -1.13),-92.48,-1.13,track_0,0
223,223,223,POINT (-92.48 -1.95),-92.48,-1.95,track_0,0
224,224,224,POINT (-93.36 -1.95),-93.36,-1.95,track_0,0
225,225,225,POINT (-93.36 -1.13),-93.36,-1.13,track_0,0
226,226,226,POINT (-93.36 -1.95),-93.36,-1.95,track_0,0
227,227,227,POINT (-93.36 -1.13),-93.36,-1.13,track_0,0
228,228,228,POINT (-93.36 -0.31),-93.36,-0.31,track_0,0
229,229,229,POINT (-94.23999999999999 -0.31),-94.24,-0.31,track_0,0
230,230,230,POINT (-94.23999999999999 0.51),-94.24,0.51,track_0,0
231,231,231,POINT (-95.12 0.51),-95.12,0.51,track_0,0
232,232,232,POINT (-95.12 1.33),-95.12,1.33,track_0,0
233,233,233,POINT (-96 1.33),-96.0,1.33,track_0,0
234,234,234,POINT (-95.12 1.33),-95.12,1.33,track_0,0
235,235,235,POINT (-94.23999999999999 1.33),-94.24,1.33,track_0,0
236,236,236,POINT (-93.36 1.33),-93.36,1.33,track_0,0
237,237,237,POINT (-94.23999999999999 1.33),-94.24,1.33,track_0,0
238,238,238,POINT (-93.36 1.33),-93.36,1.33,track_0,0
239,239,239,POINT (-93.36 2.15),-93.36,2.15,track_0,0
240,240,240,POINT (-93.36 2.97),-93.36,2.97,track_0,0
241,241,241,POINT (-94.23999999999999 2.97),-94.24,2.97,track_0,0
242,242,242,POINT (-95.12 2.97),-95.12,2.97,track_0,0
243,243,243,POINT (-95.12 3.79),-95.12,3.79,track_0,0
244,244,244,POINT (-94.23999999999999 3.79),-94.24,3.79,track_0,0
245,245,245,POINT (-94.23999999999999 4.61),-94.24,4.61,track_0,0
246,246,246,POINT (-95.12 4.61),-95.12,4.61,track_0,0
247,247,247,POINT (-96 4.61),-96.0,4.61,track_0,0
248,248,248,POINT (-96.88 4.61),-96.88,4.61,track_0,0
249,249,249,POINT (-96.88 5.43),-96.88,5.43,track_0,0
250,250,250,POINT (-96.88 4.61),-96.88,4.61,track_0,0
251,251,251,POINT (-96.88 3.79),-96.88,3.79,track_0,0
252,252,252,POINT (-96.88 2.97),-96.88,2.97,track_0,0
253,253,253,POINT (-96.88 2.15),-96.88,2.15,track_0,0
254,254,254,POINT (-97.76000000000001 2.15),-97.76,2.15,track_0,0
0,0,0,POINT (-81.04000000000001 -2.77),-81.04,-2.77,track_400,400
1,1,1,POINT (-81.04000000000001 -1.95),-81.04,-1.95,track_400,400
2,2,2,POINT (-81.92 -1.95),-81.92,-1.95,track_400,400
3,3,3,POINT (-82.8 -1.95),-82.8,-1.95,track_400,400
4,4,4,POINT (-83.68000000000001 -1.95),-83.68,-1.95,track_400,400
5,5,5,POINT (-84.56 -1.95),-84.56,-1.95,track_400,400
6,6,6,POINT (-84.56 -1.13),-84.56,-1.13,track_400,400
7,7,7,POINT (-85.44 -1.13),-85.44,-1.13,track_400,400
8,8,8,POINT (-85.44 -0.31),-85.44,-0.31,track_400,400
9,9,9,POINT (-86.31999999999999 -0.31),-86.32,-0.31,track_400,400
10,10,10,POINT (-85.44 -0.31),-85.44,-0.31,track_400,400
11,11,11,POINT (-86.31999999999999 -0.31),-86.32,-0.31,track_400,400
12,12,12,POINT (-87.2 -0.31),-87.2,-0.31,track_400,400
13,13,13,POINT (-87.2 -1.13),-87.2,-1.13,track_400,400
14,14,14,POINT (-87.2 -0.31),-87.2,-0.31,track_400,400
15,15,15,POINT (-87.2 0.51),-87.2,0.51,track_400,400
16,16,16,POINT (-87.2 1.33),-87.2,1.33,track_400,400
17,17,17,POINT (-88.08 1.33),-88.08,1.33,track_400,400
18,18,18,POINT (-88.95999999999999 1.33),-88.96,1.33,track_400,400
19,19,19,POINT (-88.95999999999999 2.15),-88.96,2.15,track_400,400
20,20,20,POINT (-88.95999999999999 2.97),-88.96,2.97,track_400,400
21,21,21,POINT (-89.84 2.97),-89.84,2.97,track_400,400
22,22,22,POINT (-90.72 2.97),-90.72,2.97,track_400,400
23,23,23,POINT (-90.72 3.79),-90.72,3.79,track_400,400
24,24,24,POINT (-91.59999999999999 3.79),-91.6,3.79,track_400,400
25,25,25,POINT (-91.59999999999999 4.61),-91.6,4.61,track_400,400
26,26,26,POINT (-91.59999999999999 5.43),-91.6,5.43,track_400,400
27,27,27,POINT (-92.48 5.43),-92.48,5.43,track_400,400
28,28,28,POINT (-93.36 5.43),-93.36,5.43,track_400,400
29,29,29,POINT (-93.36 6.25),-93.36,6.25,track_400,400
30,30,30,POINT (-94.23999999999999 6.25),-94.24,6.25,track_400,400
31,31,31,POINT (-94.23999999999999 7.07),-94.24,7.07,track_400,400
32,32,32,POINT (-94.23999999999999 7.89),-94.24,7.89,track_400,400
33,33,33,POINT (-93.36 7.89),-93.36,7.89,track_400,400
34,34,34,POINT (-93.36 8.710000000000001),-93.36,8.71,track_400,400
35,35,35,POINT (-93.36 9.529999999999999),-93.36,9.53,track_400,400
36,36,36,POINT (-93.36 10.35),-93.36,10.35,track_400,400
37,37,37,POINT (-93.36 11.17),-93.36,11.17,track_400,400
38,38,38,POINT (-93.36 11.99),-93.36,11.99,track_400,400
39,39,39,POINT (-93.36 12.81),-93.36,12.81,track_400,400
40,40,40,POINT (-93.36 13.63),-93.36,13.63,track_400,400
41,41,41,POINT (-94.23999999999999 13.63),-94.24,13.63,track_400,400
42,42,42,POINT (-95.12 13.63),-95.12,13.63,track_400,400
43,43,43,POINT (-95.12 14.45),-95.12,14.45,track_400,400
44,44,44,POINT (-95.12 15.27),-95.12,15.27,track_400,400
45,45,45,POINT (-96 15.27),-96.0,15.27,track_400,400
46,46,46,POINT (-95.12 15.27),-95.12,15.27,track_400,400
47,47,47,POINT (-95.12 16.09),-95.12,16.09,track_400,400
0,0,0,POINT (-81.04000000000001 -2.77),-81.04,-2.77,track_800,800
1,1,1,POINT (-81.04000000000001 -1.95),-81.04,-1.95,track_800,800
2,2,2,POINT (-81.92 -1.95),-81.92,-1.95,track_800,800
3,3,3,POINT (-82.8 -1.95),-82.8,-1.95,track_800,800
4,4,4,POINT (-83.68000000000001 -1.95),-83.68,-1.95,track_800,800
5,5,5,POINT (-84.56 -1.95),-84.56,-1.95,track_800,800
6,6,6,POINT (-84.56 -1.13),-84.56,-1.13,track_800,800
7,7,7,POINT (-85.44 -1.13),-85.44,-1.13,track_800,800
8,8,8,POINT (-85.44 -0.31),-85.44,-0.31,track_800,800
9,9,9,POINT (-86.31999999999999 -0.31),-86.32,-0.31,track_800,800
10,10,10,POINT (-87.2 -0.31),-87.2,-0.31,track_800,800
11,11,11,POINT (-87.2 0.51),-87.2,0.51,track_800,800
12,12,12,POINT (-87.2 1.33),-87.2,1.33,track_800,800
13,13,13,POINT (-86.31999999999999 1.33),-86.32,1.33,track_800,800
14,14,14,POINT (-87.2 1.33),-87.2,1.33,track_800,800
15,15,15,POINT (-88.08 1.33),-88.08,1.33,track_800,800
16,16,16,POINT (-88.95999999999999 1.33),-88.96,1.33,track_800,800
17,17,17,POINT (-88.95999999999999 2.15),-88.96,2.15,track_800,800
18,18,18,POINT (-88.95999999999999 2.97),-88.96,2.97,track_800,800
19,19,19,POINT (-89.84 2.97),-89.84,2.97,track_800,800
20,20,20,POINT (-90.72 2.97),-90.72,2.97,track_800,800
21,21,21,POINT (-90.72 2.15),-90.72,2.15,track_800,800
22,22,22,POINT (-89.84 2.15),-89.84,2.15,track_800,800
23,23,23,POINT (-88.95999999999999 2.15),-88.96,2.15,track_800,800
24,24,24,POINT (-88.95999999999999 2.97),-88.96,2.97,track_800,800
25,25,25,POINT (-89.84 2.97),-89.84,2.97,track_800,800
26,26,26,POINT (-90.72 2.97),-90.72,2.97,track_800,800
27,27,27,POINT (-90.72 3.79),-90.72,3.79,track_800,800
28,28,28,POINT (-91.59999999999999 3.79),-91.6,3.79,track_800,800
29,29,29,POINT (-91.59999999999999 4.61),-91.6,4.61,track_800,800
30,30,30,POINT (-91.59999999999999 5.43),-91.6,5.43,track_800,800
31,31,31,POINT (-92.48 5.43),-92.48,5.43,track_800,800
32,32,32,POINT (-93.36 5.43),-93.36,5.43,track_800,800
33,33,33,POINT (-93.36 6.25),-93.36,6.25,track_800,800
34,34,34,POINT (-94.23999999999999 6.25),-94.24,6.25,track_800,800
35,35,35,POINT (-94.23999999999999 7.07),-94.24,7.07,track_800,800
36,36,36,POINT (-94.23999999999999 7.89),-94.24,7.89,track_800,800
37,37,37,POINT (-93.36 7.89),-93.36,7.89,track_800,800
38,38,38,POINT (-93.36 8.710000000000001),-93.36,8.71,track_800,800
39,39,39,POINT (-93.36 9.529999999999999),-93.36,9.53,track_800,800
40,40,40,POINT (-93.36 10.35),-93.36,10.35,track_800,800
41,41,41,POINT (-93.36 11.17),-93.36,11.17,track_800,800
42,42,42,POINT (-93.36 11.99),-93.36,11.99,track_800,800
43,43,43,POINT (-93.36 12.81),-93.36,12.81,track_800,800
44,44,44,POINT (-93.36 13.63),-93.36,13.63,track_800,800
45,45,45,POINT (-94.23999999999999 13.63),-94.24,13.63,track_800,800
46,46,46,POINT (-95.12 13.63),-95.12,13.63,track_800,800
47,47,47,POINT (-95.12 14.45),-95.12,14.45,track_800,800
48,48,48,POINT (-95.12 15.27),-95.12,15.27,track_800,800
49,49,49,POINT (-95.12 16.09),-95.12,16.09,track_800,800
0,0,0,POINT (-81.04000000000001 -2.77),-81.04,-2.77,track_1200,1200
1,1,1,POINT (-81.04000000000001 -1.95),-81.04,-1.95,track_1200,1200
2,2,2,POINT (-81.92 -1.95),-81.92,-1.95,track_1200,1200
3,3,3,POINT (-82.8 -1.95),-82.8,-1.95,track_1200,1200
4,4,4,POINT (-83.68000000000001 -1.95),-83.68,-1.95,track_1200,1200
5,5,5,POINT (-84.56 -1.95),-84.56,-1.95,track_1200,1200
6,6,6,POINT (-84.56 -1.13),-84.56,-1.13,track_1200,1200
7,7,7,POINT (-85.44 -1.13),-85.44,-1.13,track_1200,1200
8,8,8,POINT (-85.44 -0.31),-85.44,-0.31,track_1200,1200
9,9,9,POINT (-86.31999999999999 -0.31),-86.32,-0.31,track_1200,1200
10,10,10,POINT (-87.2 -0.31),-87.2,-0.31,track_1200,1200
11,11,11,POINT (-87.2 0.51),-87.2,0.51,track_1200,1200
12,12,12,POINT (-87.2 1.33),-87.2,1.33,track_1200,1200
13,13,13,POINT (-88.08 1.33),-88.08,1.33,track_1200,1200
14,14,14,POINT (-88.95999999999999 1.33),-88.96,1.33,track_1200,1200
15,15,15,POINT (-88.95999999999999 2.15),-88.96,2.15,track_1200,1200
16,16,16,POINT (-88.95999999999999 2.97),-88.96,2.97,track_1200,1200
17,17,17,POINT (-89.84 2.97),-89.84,2.97,track_1200,1200
18,18,18,POINT (-90.72 2.97),-90.72,2.97,track_1200,1200
19,19,19,POINT (-90.72 3.79),-90.72,3.79,track_1200,1200
20,20,20,POINT (-91.59999999999999 3.79),-91.6,3.79,track_1200,1200
21,21,21,POINT (-91.59999999999999 4.61),-91.6,4.61,track_1200,1200
22,22,22,POINT (-91.59999999999999 5.43),-91.6,5.43,track_1200,1200
23,23,23,POINT (-91.59999999999999 4.61),-91.6,4.61,track_1200,1200
24,24,24,POINT (-91.59999999999999 5.43),-91.6,5.43,track_1200,1200
25,25,25,POINT (-92.48 5.43),-92.48,5.43,track_1200,1200
26,26,26,POINT (-93.36 5.43),-93.36,5.43,track_1200,1200
27,27,27,POINT (-93.36 6.25),-93.36,6.25,track_1200,1200
28,28,28,POINT (-94.23999999999999 6.25),-94.24,6.25,track_1200,1200
29,29,29,POINT (-94.23999999999999 7.07),-94.24,7.07,track_1200,1200
30,30,30,POINT (-94.23999999999999 7.89),-94.24,7.89,track_1200,1200
31,31,31,POINT (-93.36 7.89),-93.36,7.89,track_1200,1200
32,32,32,POINT (-93.36 8.710000000000001),-93.36,8.71,track_1200,1200
33,33,33,POINT (-93.36 9.529999999999999),-93.36,9.53,track_1200,1200
34,34,34,POINT (-93.36 10.35),-93.36,10.35,track_1200,1200
35,35,35,POINT (-93.36 11.17),-93.36,11.17,track_1200,1200
36,36,36,POINT (-93.36 11.99),-93.36,11.99,track_1200,1200
37,37,37,POINT (-93.36 12.81),-93.36,12.81,track_1200,1200
38,38,38,POINT (-93.36 13.63),-93.36,13.63,track_1200,1200
39,39,39,POINT (-94.23999999999999 13.63),-94.24,13.63,track_1200,1200
40,40,40,POINT (-95.12 13.63),-95.12,13.63,track_1200,1200
41,41,41,POINT (-95.12 14.45),-95.12,14.45,track_1200,1200
42,42,42,POINT (-95.12 15.27),-95.12,15.27,track_1200,1200
43,43,43,POINT (-95.12 16.09),-95.12,16.09,track_1200,1200
0,0,0,POINT (-81.04000000000001 -2.77),-81.04,-2.77,track_1600,1600
1,1,1,POINT (-81.04000000000001 -1.95),-81.04,-1.95,track_1600,1600
2,2,2,POINT (-81.92 -1.95),-81.92,-1.95,track_1600,1600
3,3,3,POINT (-82.8 -1.95),-82.8,-1.95,track_1600,1600
4,4,4,POINT (-83.68000000000001 -1.95),-83.68,-1.95,track_1600,1600
5,5,5,POINT (-84.56 -1.95),-84.56,-1.95,track_1600,1600
6,6,6,POINT (-84.56 -1.13),-84.56,-1.13,track_1600,1600
7,7,7,POINT (-85.44 -1.13),-85.44,-1.13,track_1600,1600
8,8,8,POINT (-85.44 -0.31),-85.44,-0.31,track_1600,1600
9,9,9,POINT (-86.31999999999999 -0.31),-86.32,-0.31,track_1600,1600
10,10,10,POINT (-87.2 -0.31),-87.2,-0.31,track_1600,1600
11,11,11,POINT (-87.2 0.51),-87.2,0.51,track_1600,1600
12,12,12,POINT (-87.2 1.33),-87.2,1.33,track_1600,1600
13,13,13,POINT (-88.08 1.33),-88.08,1.33,track_1600,1600
14,14,14,POINT (-88.95999999999999 1.33),-88.96,1.33,track_1600,1600
15,15,15,POINT (-88.95999999999999 2.15),-88.96,2.15,track_1600,1600
16,16,16,POINT (-88.95999999999999 1.33),-88.96,1.33,track_1600,1600
17,17,17,POINT (-88.95999999999999 2.15),-88.96,2.15,track_1600,1600
18,18,18,POINT (-88.95999999999999 2.97),-88.96,2.97,track_1600,1600
19,19,19,POINT (-89.84 2.97),-89.84,2.97,track_1600,1600
20,20,20,POINT (-90.72 2.97),-90.72,2.97,track_1600,1600
21,21,21,POINT (-90.72 3.79),-90.72,3.79,track_1600,1600
22,22,22,POINT (-91.59999999999999 3.79),-91.6,3.79,track_1600,1600
23,23,23,POINT (-91.59999999999999 4.61),-91.6,4.61,track_1600,1600
24,24,24,POINT (-91.59999999999999 5.43),-91.6,5.43,track_1600,1600
25,25,25,POINT (-92.48 5.43),-92.48,5.43,track_1600,1600
26,26,26,POINT (-93.36 5.43),-93.36,5.43,track_1600,1600
27,27,27,POINT (-93.36 6.25),-93.36,6.25,track_1600,1600
28,28,28,POINT (-94.23999999999999 6.25),-94.24,6.25,track_1600,1600
29,29,29,POINT (-94.23999999999999 7.07),-94.24,7.07,track_1600,1600
30,30,30,POINT (-94.23999999999999 7.89),-94.24,7.89,track_1600,1600
31,31,31,POINT (-93.36 7.89),-93.36,7.89,track_1600,1600
32,32,32,POINT (-93.36 8.710000000000001),-93.36,8.71,track_1600,1600
33,33,33,POINT (-93.36 9.529999999999999),-93.36,9.53,track_1600,1600
34,34,34,POINT (-93.36 10.35),-93.36,10.35,track_1600,1600
35,35,35,POINT (-93.36 11.17),-93.36,11.17,track_1600,1600
36,36,36,POINT (-93.36 11.99),-93.36,11.99,track_1600,1600
37,37,37,POINT (-93.36 12.81),-93.36,12.81,track_1600,1600
38,38,38,POINT (-93.36 13.63),-93.36,13.63,track_1600,1600
39,39,39,POINT (-94.23999999999999 13.63),-94.24,13.63,track_1600,1600
40,40,40,POINT (-95.12 13.63),-95.12,13.63,track_1600,1600
41,41,41,POINT (-95.12 14.45),-95.12,14.45,track_1600,1600
42,42,42,POINT (-95.12 15.27),-95.12,15.27,track_1600,1600
43,43,43,POINT (-95.12 16.09),-95.12,16.09,track_1600,1600
0,0,0,POINT (-81.04000000000001 -2.77),-80.94000000000001,-2.67,track_2000,2000
1,1,1,POINT (-81.04000000000001 -1.95),-80.94000000000001,-1.8499999999999999,track_2000,2000
2,2,2,POINT (-81.92 -1.95),-81.82000000000001,-1.8499999999999999,track_2000,2000
3,3,3,POINT (-82.8 -1.95),-82.7,-1.8499999999999999,track_2000,2000
4,4,4,POINT (-82.8 -1.13),-82.7,-1.0299999999999998,track_2000,2000
5,5,5,POINT (-82.8 -1.95),-82.7,-1.8499999999999999,track_2000,2000
6,6,6,POINT (-83.68000000000001 -1.95),-83.58000000000001,-1.8499999999999999,track_2000,2000
7,7,7,POINT (-84.56 -1.95),-84.46000000000001,-1.8499999999999999,track_2000,2000
8,8,8,POINT (-84.56 -1.13),-84.46000000000001,-1.0299999999999998,track_2000,2000
9,9,9,POINT (-85.44 -1.13),-85.34,-1.0299999999999998,track_2000,2000
10,10,10,POINT (-85.44 -0.31),-85.34,-0.21,track_2000,2000
11,11,11,POINT (-86.31999999999999 -0.31),-86.22,-0.21,track_2000,2000
12,12,12,POINT (-87.2 -0.31),-87.10000000000001,-0.21,track_2000,2000
13,13,13,POINT (-87.2 0.51),-87.10000000000001,0.61,track_2000,2000
14,14,14,POINT (-87.2 1.33),-87.10000000000001,1.4300000000000002,track_2000,2000
15,15,15,POINT (-88.08 1.33),-87.98,1.4300000000000002,track_2000,2000
16,16,16,POINT (-88.08 0.51),-87.98,0.61,track_2000,2000
17,17,17,POINT (-88.08 1.33),-87.98,1.4300000000000002,track_2000,2000
18,18,18,POINT (-88.95999999999999 1.33),-88.86,1.4300000000000002,track_2000,2000
19,19,19,POINT (-88.95999999999999 2.15),-88.86,2.25,track_2000,2000
20,20,20,POINT (-88.95999999999999 2.97),-88.86,3.0700000000000003,track_2000,2000
21,21,21,POINT (-89.84 2.97),-89.74000000000001,3.0700000000000003,track_2000,2000
22,22,22,POINT (-89.84 2.15),-89.74000000000001,2.25,track_2000,2000
23,23,23,POINT (-88.95999999999999 2.15),-88.86,2.25,track_2000,2000
24,24,24,POINT (-88.95999999999999 2.97),-88.86,3.0700000000000003,track_2000,2000
25,25,25,POINT (-89.84 2.97),-89.74000000000001,3.0700000000000003,track_2000,2000
26,26,26,POINT (-90.72 2.97),-90.62,3.0700000000000003,track_2000,2000
27,27,27,POINT (-90.72 3.79),-90.62,3.89,track_2000,2000
28,28,28,POINT (-91.59999999999999 3.79),-91.5,3.89,track_2000,2000
29,29,29,POINT (-91.59999999999999 4.61),-91.5,4.71,track_2000,2000
30,30,30,POINT (-91.59999999999999 5.43),-91.5,5.529999999999999,track_2000,2000
31,31,31,POINT (-92.48 5.43),-92.38000000000001,5.529999999999999,track_2000,2000
32,32,32,POINT (-93.36 5.43),-93.26,5.529999999999999,track_2000,2000
33,33,33,POINT (-93.36 6.25),-93.26,6.35,track_2000,2000
34,34,34,POINT (-94.23999999999999 6.25),-94.14,6.35,track_2000,2000
35,35,35,POINT (-94.23999999999999 7.07),-94.14,7.17,track_2000,2000
36,36,36,POINT (-94.23999999999999 7.89),-94.14,7.989999999999999,track_2000,2000
37,37,37,POINT (-93.36 7.89),-93.26,7.989999999999999,track_2000,2000
38,38,38,POINT (-93.36 7.07),-93.26,7.17,track_2000,2000
39,39,39,POINT (-93.36 6.25),-93.26,6.35,track_2000,2000
40,40,40,POINT (-94.23999999999999 6.25),-94.14,6.35,track_2000,2000
41,41,41,POINT (-94.23999999999999 7.07),-94.14,7.17,track_2000,2000
42,42,42,POINT (-94.23999999999999 7.89),-94.14,7.989999999999999,track_2000,2000
43,43,43,POINT (-93.36 7.89),-93.26,7.989999999999999,track_2000,2000
44,44,44,POINT (-93.36 8.710000000000001),-93.26,8.81,track_2000,2000
45,45,45,POINT (-93.36 9.529999999999999),-93.26,9.629999999999999,track_2000,2000
46,46,46,POINT (-93.36 10.35),-93.26,10.45,track_2000,2000
47,47,47,POINT (-93.36 11.17),-93.26,11.27,track_2000,2000
48,48,48,POINT (-93.36 11.99),-93.26,12.09,track_2000,2000
49,49,49,POINT (-93.36 12.81),-93.26,12.91,track_2000,2000
50,50,50,POINT (-93.36 13.63),-93.26,13.73,track_2000,2000
51,51,51,POINT (-94.23999999999999 13.63),-94.14,13.73,track_2000,2000
52,52,52,POINT (-95.12 13.63),-95.02000000000001,13.73,track_2000,2000
53,53,53,POINT (-95.12 14.45),-95.02000000000001,14.549999999999999,track_2000,2000
54,54,54,POINT (-96 14.45),-95.9,14.549999999999999,track_2000,2000
55,55,55,POINT (-96 15.27),-95.9,15.37,track_2000,2000
56,56,56,POINT (-95.12 15.27),-95.02000000000001,15.37,track_2000,2000
57,57,57,POINT (-95.12 16.09),-95.02000000000001,16.19,track_2000,2000
0,0,0,POINT (-81.04000000000001 -2.77),-81.04,-2.77,track_2400,2400
1,1,1,POINT (-81.04000000000001 -1.95),-81.04,-1.95,track_2400,2400
2,2,2,POINT (-81.92 -1.95),-81.92,-1.95,track_2400,2400
3,3,3,POINT (-82.8 -1.95),-82.8,-1.95,track_2400,2400
4,4,4,POINT (-83.68000000000001 -1.95),-83.68,-1.95,track_2400,2400
5,5,5,POINT (-84.56 -1.95),-84.56,-1.95,track_2400,2400
6,6,6,POINT (-84.56 -1.13),-84.56,-1.13,track_2400,2400
7,7,7,POINT (-85.44 -1.13),-85.44,-1.13,track_2400,2400
8,8,8,POINT (-85.44 -0.31),-85.44,-0.31,track_2400,2400
9,9,9,POINT (-86.31999999999999 -0.31),-86.32,-0.31,track_2400,2400
10,10,10,POINT (-87.2 -0.31),-87.2,-0.31,track_2400,2400
11,11,11,POINT (-87.2 0.51),-87.2,0.51,track_2400,2400
12,12,12,POINT (-87.2 1.33),-87.2,1.33,track_2400,2400
13,13,13,POINT (-88.08 1.33),-88.08,1.33,track_2400,2400
14,14,14,POINT (-88.95999999999999 1.33),-88.96,1.33,track_2400,2400
15,15,15,POINT (-88.95999999999999 2.15),-88.96,2.15,track_2400,2400
16,16,16,POINT (-88.95999999999999 2.97),-88.96,2.97,track_2400,2400
17,17,17,POINT (-89.84 2.97),-89.84,2.97,track_2400,2400
18,18,18,POINT (-90.72 2.97),-90.72,2.97,track_2400,2400
19,19,19,POINT (-90.72 3.79),-90.72,3.79,track_2400,2400
20,20,20,POINT (-91.59999999999999 3.79),-91.6,3.79,track_2400,2400
21,21,21,POINT (-91.59999999999999 4.61),-91.6,4.61,track_2400,2400
22,22,22,POINT (-91.59999999999999 5.43),-91.6,5.43,track_2400,2400
23,23,23,POINT (-92.48 5.43),-92.48,5.43,track_2400,2400
24,24,24,POINT (-93.36 5.43),-93.36,5.43,track_2400,2400
25,25,25,POINT (-93.36 6.25),-93.36,6.25,track_2400,2400
26,26,26,POINT (-94.23999999999999 6.25),-94.24,6.25,track_2400,2400
27,27,27,POINT (-94.23999999999999 7.07),-94.24,7.07,track_2400,2400
28,28,28,POINT (-94.23999999999999 7.89),-94.24,7.89,track_2400,2400
29,29,29,POINT (-93.36 7.89),-93.36,7.89,track_2400,2400
30,30,30,POINT (-93.36 8.710000000000001),-93.36,8.71,track_2400,2400
31,31,31,POINT (-93.36 9.529999999999999),-93.36,9.53,track_2400,2400
32,32,32,POINT (-93.36 10.35),-93.36,10.35,track_2400,2400
33,33,33,POINT (-93.36 11.17),-93.36,11.17,track_2400,2400
34,34,34,POINT (-93.36 11.99),-93.36,11.99,track_2400,2400
35,35,35,POINT (-93.36 12.81),-93.36,12.81,track_2400,2400
36,36,36,POINT (-93.36 13.63),-93.36,13.63,track_2400,2400
37,37,37,POINT (-94.23999999999999 13.63),-94.24,13.63,track_2400,2400
38,38,38,POINT (-95.12 13.63),-95.12,13.63,track_2400,2400
39,39,39,POINT (-95.12 14.45),-95.12,14.45,track_2400,2400
40,40,40,POINT (-95.12 15.27),-95.12,15.27,track_2400,2400
41,41,41,POINT (-95.12 16.09),-95.12,16.09,track_2400,2400
0,0,0,POINT (-81.04000000000001 -2.77),-81.04,-2.77,track_2800,2800
1,1,1,POINT (-81.04000000000001 -1.95),-81.04,-1.95,track_2800,2800
2,2,2,POINT (-81.92 -1.95),-81.92,-1.95,track_2800,2800
3,3,3,POINT (-82.8 -1.95),-82.8,-1.95,track_2800,2800
4,4,4,POINT (-83.68000000000001 -1.95),-83.68,-1.95,track_2800,2800
5,5,5,POINT (-82.8 -1.95),-82.8,-1.95,track_2800,2800
6,6,6,POINT (-83.68000000000001 -1.95),-83.68,-1.95,track_2800,2800
7,7,7,POINT (-84.56 -1.95),-84.56,-1.95,track_2800,2800
8,8,8,POINT (-84.56 -1.13),-84.56,-1.13,track_2800,2800
9,9,9,POINT (-85.44 -1.13),-85.44,-1.13,track_2800,2800
10,10,10,POINT (-85.44 -0.31),-85.44,-0.31,track_2800,2800
11,11,11,POINT (-86.31999999999999 -0.31),-86.32,-0.31,track_2800,2800
12,12,12,POINT (-87.2 -0.31),-87.2,-0.31,track_2800,2800
13,13,13,POINT (-87.2 0.51),-87.2,0.51,track_2800,2800
14,14,14,POINT (-87.2 1.33),-87.2,1.33,track_2800,2800
15,15,15,POINT (-88.08 1.33),-88.08,1.33,track_2800,2800
16,16,16,POINT (-88.95999999999999 1.33),-88.96,1.33,track_2800,2800
17,17,17,POINT (-88.95999999999999 2.15),-88.96,2.15,track_2800,2800
18,18,18,POINT (-88.95999999999999 2.97),-88.96,2.97,track_2800,2800
19,19,19,POINT (-89.84 2.97),-89.84,2.97,track_2800,2800
20,20,20,POINT (-89.84 2.15),-89.84,2.15,track_2800,2800
21,21,21,POINT (-88.95999999999999 2.15),-88.96,2.15,track_2800,2800
22,22,22,POINT (-88.95999999999999 2.97),-88.96,2.97,track_2800,2800
23,23,23,POINT (-89.84 2.97),-89.84,2.97,track_2800,2800
24,24,24,POINT (-90.72 2.97),-90.72,2.97,track_2800,2800
25,25,25,POINT (-90.72 3.79),-90.72,3.79,track_2800,2800
26,26,26,POINT (-91.59999999999999 3.79),-91.6,3.79,track_2800,2800
27,27,27,POINT (-91.59999999999999 4.61),-91.6,4.61,track_2800,2800
28,28,28,POINT (-91.59999999999999 5.43),-91.6,5.43,track_2800,2800
29,29,29,POINT (-92.48 5.43),-92.48,5.43,track_2800,2800
30,30,30,POINT (-93.36 5.43),-93.36,5.43,track_2800,2800
31,31,31,POINT (-93.36 6.25),-93.36,6.25,track_2800,2800
32,32,32,POINT (-93.36 5.43),-93.36,5.43,track_2800,2800
33,33,33,POINT (-93.36 6.25),-93.36,6.25,track_2800,2800
34,34,34,POINT (-94.23999999999999 6.25),-94.24,6.25,track_2800,2800
35,35,35,POINT (-94.23999999999999 7.07),-94.24,7.07,track_2800,2800
36,36,36,POINT (-94.23999999999999 7.89),-94.24,7.89,track_2800,2800
37,37,37,POINT (-93.36 7.89),-93.36,7.89,track_2800,2800
38,38,38,POINT (-93.36 8.710000000000001),-93.36,8.71,track_2800,2800
39,39,39,POINT (-93.36 9.529999999999999),-93.36,9.53,track_2800,2800
40,40,40,POINT (-93.36 10.35),-93.36,10.35,track_2800,2800
41,41,41,POINT (-93.36 11.17),-93.36,11.17,track_2800,2800
42,42,42,POINT (-93.36 11.99),-93.36,11.99,track_2800,2800
43,43,43,POINT (-93.36 12.81),-93.36,12.81,track_2800,2800
44,44,44,POINT (-93.36 13.63),-93.36,13.63,track_2800,2800
45,45,45,POINT (-94.23999999999999 13.63),-94.24,13.63,track_2800,2800
46,46,46,POINT (-95.12 13.63),-95.12,13.63,track_2800,2800
47,47,47,POINT (-95.12 14.45),-95.12,14.45,track_2800,2800
48,48,48,POINT (-95.12 15.27),-95.12,15.27,track_2800,2800
49,49,49,POINT (-95.12 16.09),-95.12,16.09,track_2800,2800
0,0,0,POINT (-81.04000000000001 -2.77),-81.04,-2.77,track_3200,3200
1,1,1,POINT (-81.04000000000001 -1.95),-81.04,-1.95,track_3200,3200
2,2,2,POINT (-81.92 -1.95),-81.92,-1.95,track_3200,3200
3,3,3,POINT (-82.8 -1.95),-82.8,-1.95,track_3200,3200
4,4,4,POINT (-83.68000000000001 -1.95),-83.68,-1.95,track_3200,3200
5,5,5,POINT (-84.56 -1.95),-84.56,-1.95,track_3200,3200
6,6,6,POINT (-84.56 -1.13),-84.56,-1.13,track_3200,3200
7,7,7,POINT (-85.44 -1.13),-85.44,-1.13,track_3200,3200
8,8,8,POINT (-85.44 -0.31),-85.44,-0.31,track_3200,3200
9,9,9,POINT (-86.31999999999999 -0.31),-86.32,-0.31,track_3200,3200
10,10,10,POINT (-87.2 -0.31),-87.2,-0.31,track_3200,3200
11,11,11,POINT (-87.2 0.51),-87.2,0.51,track_3200,3200
12,12,12,POINT (-87.2 1.33),-87.2,1.33,track_3200,3200
13,13,13,POINT (-88.08 1.33),-88.08,1.33,track_3200,3200
14,14,14,POINT (-88.95999999999999 1.33),-88.96,1.33,track_3200,3200
15,15,15,POINT (-88.95999999999999 2.15),-88.96,2.15,track_3200,3200
16,16,16,POINT (-88.95999999999999 2.97),-88.96,2.97,track_3200,3200
17,17,17,POINT (-89.84 2.97),-89.84,2.97,track_3200,3200
18,18,18,POINT (-90.72 2.97),-90.72,2.97,track_3200,3200
19,19,19,POINT (-90.72 3.79),-90.72,3.79,track_3200,3200
20,20,20,POINT (-91.59999999999999 3.79),-91.6,3.79,track_3200,3200
21,21,21,POINT (-91.59999999999999 4.61),-91.6,4.61,track_3200,3200
22,22,22,POINT (-91.59999999999999 5.43),-91.6,5.43,track_3200,3200
23,23,23,POINT (-92.48 5.43),-92.48,5.43,track_3200,3200
24,24,24,POINT (-93.36 5.43),-93.36,5.43,track_3200,3200
25,25,25,POINT (-93.36 6.25),-93.36,6.25,track_3200,3200
26,26,26,POINT (-94.23999999999999 6.25),-94.24,6.25,track_3200,3200
27,27,27,POINT (-94.23999999999999 7.07),-94.24,7.07,track_3200,3200
28,28,28,POINT (-94.23999999999999 7.89),-94.24,7.89,track_3200,3200
29,29,29,POINT (-93.36 7.89),-93.36,7.89,track_3200,3200
30,30,30,POINT (-93.36 8.710000000000001),-93.36,8.71,track_3200,3200
31,31,31,POINT (-93.36 9.529999999999999),-93.36,9.53,track_3200,3200
32,32,32,POINT (-93.36 10.35),-93.36,10.35,track_3200,3200
33,33,33,POINT (-93.36 11.17),-93.36,11.17,track_3200,3200
34,34,34,POINT (-93.36 11.99),-93.36,11.99,track_3200,3200
35,35,35,POINT (-93.36 12.81),-93.36,12.81,track_3200,3200
36,36,36,POINT (-93.36 13.63),-93.36,13.63,track_3200,3200
37,37,37,POINT (-94.23999999999999 13.63),-94.24,13.63,track_3200,3200
38,38,38,POINT (-95.12 13.63),-95.12,13.63,track_3200,3200
39,39,39,POINT (-95.12 14.45),-95.12,14.45,track_3200,3200
40,40,40,POINT (-95.12 15.27),-95.12,15.27,track_3200,3200
41,41,41,POINT (-95.12 16.09),-95.12,16.09,track_3200,3200
0,0,0,POINT (-81.04000000000001 -2.77),-81.04,-2.77,track_3600,3600
1,1,1,POINT (-81.04000000000001 -1.95),-81.04,-1.95,track_3600,3600
2,2,2,POINT (-81.92 -1.95),-81.92,-1.95,track_3600,3600
3,3,3,POINT (-82.8 -1.95),-82.8,-1.95,track_3600,3600
4,4,4,POINT (-83.68000000000001 -1.95),-83.68,-1.95,track_3600,3600
5,5,5,POINT (-84.56 -1.95),-84.56,-1.95,track_3600,3600
6,6,6,POINT (-84.56 -1.13),-84.56,-1.13,track_3600,3600
7,7,7,POINT (-85.44 -1.13),-85.44,-1.13,track_3600,3600
8,8,8,POINT (-85.44 -0.31),-85.44,-0.31,track_3600,3600
9,9,9,POINT (-86.31999999999999 -0.31),-86.32,-0.31,track_3600,3600
10,10,10,POINT (-87.2 -0.31),-87.2,-0.31,track_3600,3600
11,11,11,POINT (-87.2 0.51),-87.2,0.51,track_3600,3600
12,12,12,POINT (-87.2 1.33),-87.2,1.33,track_3600,3600
13,13,13,POINT (-88.08 1.33),-88.08,1.33,track_3600,3600
14,14,14,POINT (-88.95999999999999 1.33),-88.96,1.33,track_3600,3600
15,15,15,POINT (-88.95999999999999 2.15),-88.96,2.15,track_3600,3600
16,16,16,POINT (-88.95999999999999 2.97),-88.96,2.97,track_3600,3600
17,17,17,POINT (-89.84 2.97),-89.84,2.97,track_3600,3600
18,18,18,POINT (-90.72 2.97),-90.72,2.97,track_3600,3600
19,19,19,POINT (-90.72 3.79),-90.72,3.79,track_3600,3600
20,20,20,POINT (-91.59999999999999 3.79),-91.6,3.79,track_3600,3600
21,21,21,POINT (-91.59999999999999 4.61),-91.6,4.61,track_3600,3600
22,22,22,POINT (-91.59999999999999 5.43),-91.6,5.43,track_3600,3600
23,23,23,POINT (-92.48 5.43),-92.48,5.43,track_3600,3600
24,24,24,POINT (-92.48 6.25),-92.48,6.25,track_3600,3600
25,25,25,POINT (-92.48 5.43),-92.48,5.43,track_3600,3600
26,26,26,POINT (-92.48 6.25),-92.48,6.25,track_3600,3600
27,27,27,POINT (-92.48 5.43),-92.48,5.43,track_3600,3600
28,28,28,POINT (-93.36 5.43),-93.36,5.43,track_3600,3600
29,29,29,POINT (-93.36 6.25),-93.36,6.25,track_3600,3600
30,30,30,POINT (-94.23999999999999 6.25),-94.24,6.25,track_3600,3600
31,31,31,POINT (-94.23999999999999 7.07),-94.24,7.07,track_3600,3600
32,32,32,POINT (-94.23999999999999 7.89),-94.24,7.89,track_3600,3600
33,33,33,POINT (-93.36 7.89),-93.36,7.89,track_3600,3600
34,34,34,POINT (-93.36 8.710000000000001),-93.36,8.71,track_3600,3600
35,35,35,POINT (-93.36 9.529999999999999),-93.36,9.53,track_3600,3600
36,36,36,POINT (-93.36 10.35),-93.36,10.35,track_3600,3600
37,37,37,POINT (-93.36 11.17),-93.36,11.17,track_3600,3600
38,38,38,POINT (-93.36 11.99),-93.36,11.99,track_3600,3600
39,39,39,POINT (-93.36 12.81),-93.36,12.81,track_3600,3600
40,40,40,POINT (-93.36 13.63),-93.36,13.63,track_3600,3600
41,41,41,POINT (-94.23999999999999 13.63),-94.24,13.63,track_3600,3600
42,42,42,POINT (-95.12 13.63),-95.12,13.63,track_3600,3600
43,43,43,POINT (-95.12 14.45),-95.12,14.45,track_3600,3600
44,44,44,POINT (-95.12 15.27),-95.12,15.27,track_3600,3600
45,45,45,POINT (-95.12 16.09),-95.12,16.09,track_3600,3600
0,0,0,POINT (-81.04000000000001 -2.77),-81.04,-2.77,track_3999,3600
1,1,1,POINT (-81.04000000000001 -1.95),-81.04,-1.95,track_3999,3600
2,2,2,POINT (-81.92 -1.95),-81.92,-1.95,track_3999,3600
3,3,3,POINT (-82.8 -1.95),-82.8,-1.95,track_3999,3600
4,4,4,POINT (-83.68000000000001 -1.95),-83.68,-1.95,track_3999,3600
5,5,5,POINT (-84.56 -1.95),-84.56,-1.95,track_3999,3600
6,6,6,POINT (-84.56 -1.13),-84.56,-1.13,track_3999,3600
7,7,7,POINT (-85.44 -1.13),-85.44,-1.13,track_3999,3600
8,8,8,POINT (-85.44 -0.31),-85.44,-0.31,track_3999,3600
9,9,9,POINT (-86.31999999999999 -0.31),-86.32,-0.31,track_3999,3600
10,10,10,POINT (-87.2 -0.31),-87.2,-0.31,track_3999,3600
11,11,11,POINT (-87.2 0.51),-87.2,0.51,track_3999,3600
12,12,12,POINT (-87.2 1.33),-87.2,1.33,track_3999,3600
13,13,13,POINT (-88.08 1.33),-88.08,1.33,track_3999,3600
14,14,14,POINT (-88.95999999999999 1.33),-88.96,1.33,track_3999,3600
15,15,15,POINT (-88.95999999999999 2.15),-88.96,2.15,track_3999,3600
16,16,16,POINT (-88.95999999999999 2.97),-88.96,2.97,track_3999,3600
17,17,17,POINT (-89.84 2.97),-89.84,2.97,track_3999,3600
18,18,18,POINT (-90.72 2.97),-90.72,2.97,track_3999,3600
19,19,19,POINT (-90.72 3.79),-90.72,3.79,track_3999,3600
20,20,20,POINT (-91.59999999999999 3.79),-91.6,3.79,track_3999,3600
21,21,21,POINT (-91.59999999999999 4.61),-91.6,4.61,track_3999,3600
22,22,22,POINT (-91.59999999999999 3.79),-91.6,3.79,track_3999,3600
23,23,23,POINT (-91.59999999999999 4.61),-91.6,4.61,track_3999,3600
24,24,24,POINT (-91.59999999999999 5.43),-91.6,5.43,track_3999,3600
25,25,25,POINT (-92.48 5.43),-92.48,5.43,track_3999,3600
26,26,26,POINT (-93.36 5.43),-93.36,5.43,track_3999,3600
27,27,27,POINT (-93.36 6.25),-93.36,6.25,track_3999,3600
28,28,28,POINT (-94.23999999999999 6.25),-94.24,6.25,track_3999,3600
29,29,29,POINT (-94.23999999999999 7.07),-94.24,7.07,track_3999,3600
30,30,30,POINT (-94.23999999999999 7.89),-94.24,7.89,track_3999,3600
31,31,31,POINT (-93.36 7.89),-93.36,7.89,track_3999,3600
32,32,32,POINT (-93.36 8.710000000000001),-93.36,8.71,track_3999,3600
33,33,33,POINT (-93.36 9.529999999999999),-93.36,9.53,track_3999,3600
34,34,34,POINT (-93.36 10.35),-93.36,10.35,track_3999,3600
35,35,35,POINT (-93.36 11.17),-93.36,11.17,track_3999,3600
36,36,36,POINT (-93.36 11.99),-93.36,11.99,track_3999,3600
37,37,37,POINT (-93.36 12.81),-93.36,12.81,track_3999,3600
38,38,38,POINT (-93.36 13.63),-93.36,13.63,track_3999,3600
39,39,39,POINT (-94.23999999999999 13.63),-94.24,13.63,track_3999,3600
40,40,40,POINT (-95.12 13.63),-95.12,13.63,track_3999,3600
41,41,41,POINT (-95.12 14.45),-95.12,14.45,track_3999,3600
42,42,42,POINT (-95.12 15.27),-95.12,15.27,track_3999,3600
43,43,43,POINT (-95.12 16.09),-95.12,16.09,track_3999,3600
