,Unnamed: 0,column,row,ids,heading,velocity,freeboard,Steps,Unnamed: 0.1,geometry,Longitude,Latitude,time,time15,time30
0,0,22,6,461,0,56,2700 kg,0,461,POINT (-80.3125 0.6979166666666663),-80.3125,0.6979166666666663,0.0,0.0,0.0
1,0,22,6,461,0,56,2700 kg,0,461,POINT (-80.3125 0.6979166666666663),-80.3125,0.6979166666666663,0.0,0.2467948717948718,0.0
2,0,22,6,461,0,56,2700 kg,0,461,POINT (-80.3125 0.6979166666666663),-80.3125,0.6979166666666663,0.0,0.4935897435897436,0.5
3,0,22,6,461,0,56,2700 kg,0,461,POINT (-80.3125 0.6979166666666663),-80.3125,0.6979166666666663,1.0,0.7403846153846154,0.5
4,0,22,6,461,0,56,2700 kg,0,461,POINT (-80.3125 0.6979166666666663),-80.3125,0.6979166666666663,1.0,0.9871794871794872,1.0
5,0,22,6,461,0,56,2700 kg,0,461,POINT (-80.3125 0.6979166666666663),-80.3125,0.6979166666666663,1.0,1.233974358974359,1.0
6,0,22,6,461,0,56,2700 kg,0,461,POINT (-80.3125 0.6979166666666663),-80.3125,0.6979166666666663,1.0,1.4807692307692308,1.5
7,0,22,6,461,0,56,2700 kg,0,461,POINT (-80.3125 0.6979166666666663),-80.3125,0.6979166666666663,2.0,1.7275641025641026,1.5
8,0,22,6,461,0,56,2700 kg,0,461,POINT (-80.3125 0.6979166666666663),-80.3125,0.6979166666666663,2.0,1.9743589743589745,2.0
9,0,22,6,461,0,56,2700 kg,0,461,POINT (-80.3125 0.6979166666666663),-80.3125,0.6979166666666663,2.0,2.2211538461538463,2.0
10,0,22,6,461,0,56,2700 kg,0,461,POINT (-80.3125 0.6979166666666663),-80.3125,0.6979166666666663,2.0,2.467948717948718,2.5
11,0,22,6,461,0,56,2700 kg,0,461,POINT (-80.3125 0.6979166666666663),-80.3125,0.6979166666666663,3.0,2.71474358974359,2.5
12,0,22,6,461,0,56,2700 kg,0,461,POINT (-80.3125 0.6979166666666663),-80.3125,0.6979166666666663,3.0,2.9615384615384617,3.0
13,0,22,6,461,0,56,2700 kg,0,461,POINT (-80.3125 0.6979166666666663),-80.3125,0.6979166666666663,3.0,3.2083333333333335,3.0
14,0,22,6,461,0,56,2700 kg,0,461,POINT (-80.3125 0.6979166666666663),-80.3125,0.6979166666666663,3.0,3.4551282051282053,3.5
15,0,22,6,461,0,56,2700 kg,0,461,POINT (-80.3125 0.6979166666666663),-80.3125,0.6979166666666663,4.0,3.701923076923077,3.5
16,0,22,6,461,0,56,2700 kg,0,461,POINT (-80.3125 0.6979166666666663),-80.3125,0.6979166666666663,4.0,3.948717948717949,4.0
17,0,22,6,461,0,56,2700 kg,0,461,POINT (-80.3125 0.6979166666666663),-80.3125,0.6979166666666663,4.0,4.195512820512821,4.0
18,0,22,6,461,0,56,2700 kg,0,461,POINT (-80.3125 0.6979166666666663),-80.3125,0.6979166666666663,4.0,4.4423076923076925,4.5
19,0,22,6,461,0,56,2700 kg,0,461,POINT (-80.3125 0.6979166666666663),-80.3125,0.6979166666666663,5.0,4.689102564102564,4.5
20,0,22,6,461,0,56,2700 kg,0,461,POINT (-80.3125 0.6979166666666663),-80.3125,0.6979166666666663,5.0,4.935897435897436,5.0
21,0,22,6,461,0,56,2700 kg,0,461,POINT (-80.3125 0.6979166666666663),-80.3125,0.6979166666666663,5.0,5.182692307692308,5.0
22,0,22,6,461,0,56,2700 kg,0,461,POINT (-80.3125 0.6979166666666663),-80.3125,0.6979166666666663,5.0,5.42948717948718,5.5
23,0,22,6,461,0,56,2700 kg,0,461,POINT (-80.3125 0.6979166666666663),-80.3125,0.6979166666666663,6.0,5.676282051282051,5.5
24,0,22,6,461,0,56,2700 kg,0,461,POINT (-80.3125 0.6979166666666663),-80.3125,0.6979166666666663,6.0,5.923076923076923,6.0
25,0,22,6,461,0,56,2700 kg,0,461,POINT (-80.3125 0.6979166666666663),-80.3125,0.6979166666666663,6.0,6.169871794871796,6.0
26,0,22,6,461,0,56,2700 kg,0,461,POINT (-80.3125 0.6979166666666663),-80.3125,0.6979166666666663,6.0,6.416666666666667,6.5
27,0,22,6,461,0,56,2700 kg,0,461,POINT (-80.3125 0.6979166666666663),-80.3125,0.6979166666666663,7.0,6.663461538461538,6.5
28,0,22,6,461,0,56,2700 kg,0,461,POINT (-80.3125 0.6979166666666663),-80.3125,0.6979166666666663,7.0,6.910256410256411,7.0
29,0,22,6,461,0,56,2700 kg,0,461,POINT (-80.3125 0.6979166666666663),-80.3125,0.6979166666666663,7.0,7.157051282051283,7.0
30,0,22,6,461,0,56,2700 kg,0,461,POINT (-80.3125 0.6979166666666663),-80.3125,0.6979166666666663,7.0,7.403846153846154,7.5
31,0,22,6,461,0,56,2700 kg,0,461,POINT (-80.3125 0.6979166666666663),-80.3125,0.6979166666666663,8.0,7.6506410256410255,7.5
32,0,22,6,461,0,56,2700 kg,0,461,POINT (-80.3125 0.6979166666666663),-80.3125,0.6979166666666663,8.0,7.897435897435898,8.0
33,0,22,6,461,0,56,2700 kg,0,461,POINT (-80.3125 0.6979166666666663),-80.3125,0.6979166666666663,8.0,8.14423076923077,8.0
34,0,22,6,461,0,56,2700 kg,0,461,POINT (-80.3125 0.6979166666666663),-80.3125,0.6979166666666663,8.0,8.391025641025642,8.5
35,0,22,6,461,0,56,2700 kg,0,461,POINT (-80.3125 0.6979166666666663),-80.3125,0.6979166666666663,9.0,8.637820512820513,8.5
36,0,22,6,461,0,56,2700 kg,0,461,POINT (-80.3125 0.6979166666666663),-80.3125,0.6979166666666663,9.0,8.884615384615385,9.0
37,0,22,6,461,0,56,2700 kg,0,461,POINT (-80.3125 0.6979166666666663),-80.3125,0.6979166666666663,9.0,9.131410256410257,9.0
38,0,22,6,461,0,56,2700 kg,0,461,POINT (-80.3125 0.6979166666666663),-80.3125,0.6979166666666663,9.0,9.378205128205128,9.5
39,0,22,6,461,0,56,2700 kg,0,461,POINT (-80.3125 0.6979166666666663),-80.3125,0.6979166666666663,10.0,9.625,9.5
40,0,22,6,461,0,56,2700 kg,0,461,POINT (-80.3125 0.6979166666666663),-80.3125,0.6979166666666663,10.0,9.871794871794872,10.0
41,0,22,6,461,0,56,2700 kg,0,461,POINT (-80.3125 0.6979166666666663),-80.3125,0.6979166666666663,10.0,10.118589743589745,10.0
42,0,22,6,461,0,56,2700 kg,0,461,POINT (-80.3125 0.6979166666666663),-80.3125,0.6979166666666663,10.0,10.365384615384617,10.5
43,0,22,6,461,0,56,2700 kg,0,461,POINT (-80.3125 0.6979166666666663),-80.3125,0.6979166666666663,11.0,10.612179487179487,10.5
44,0,22,6,461,0,56,2700 kg,0,461,POINT (-80.3125 0.6979166666666663),-80.3125,0.6979166666666663,11.0,10.85897435897436,11.0
45,0,22,6,461,0,56,2700 kg,0,461,POINT (-80.3125 0.6979166666666663),-80.3125,0.6979166666666663,11.0,11.105769230769232,11.0
46,0,22,6,461,0,56,2700 kg,0,461,POINT (-80.3125 0.6979166666666663),-80.3125,0.6979166666666663,11.0,11.352564102564102,11.5
47,0,22,6,461,0,56,2700 kg,0,461,POINT (-80.3125 0.6979166666666663),-80.3125,0.6979166666666663,12.0,11.599358974358974,11.5
48,0,22,6,461,0,56,2700 kg,0,461,POINT (-80.3125 0.6979166666666663),-80.3125,0.6979166666666663,12.0,11.846153846153847,12.0
49,0,22,6,461,0,56,2700 kg,0,461,POINT (-80.3125 0.6979166666666663),-80.3125,0.6979166666666663,12.0,12.092948717948719,12.0
50,0,22,6,461,0,56,2700 kg,0,461,POINT (-80.3125 0.6979166666666663),-80.3125,0.6979166666666663,12.0,12.339743589743591,12.5
51,0,22,6,461,0,56,2700 kg,0,461,POINT (-80.3125 0.6979166666666663),-80.3125,0.6979166666666663,13.0,12.586538461538462,12.5
52,0,22,6,461,0,56,2700 kg,0,461,POINT (-80.3125 0.6979166666666663),-80.3125,0.6979166666666663,13.0,12.833333333333334,13.0
53,0,22,6,461,0,56,2700 kg,0,461,POINT (-80.3125 0.6979166666666663),-80.3125,0.6979166666666663,13.0,13.080128205128206,13.0
54,0,22,6,461,0,56,2700 kg,0,461,POINT (-80.3125 0.6979166666666663),-80.3125,0.6979166666666663,13.0,13.326923076923077,13.5
55,0,22,6,461,0,56,2700 kg,0,461,POINT (-80.3125 0.6979166666666663),-80.3125,0.6979166666666663,14.0,13.573717948717949,13.5
56,0,22,6,461,0,56,2700 kg,0,461,POINT (-80.3125 0.6979166666666663),-80.3125,0.6979166666666663,14.0,13.820512820512821,14.0
57,0,22,6,461,0,56,2700 kg,0,461,POINT (-80.3125 0.6979166666666663),-80.3125,0.6979166666666663,14.0,14.067307692307693,14.0
58,0,22,6,461,0,56,2700 kg,0,461,POINT (-80.3125 0.6979166666666663),-80.3125,0.6979166666666663,14.0,14.314102564102566,14.5
59,0,22,6,461,0,56,2700 kg,0,461,POINT (-80.3125 0.6979166666666663),-80.3125,0.6979166666666663,15.0,14.560897435897436,14.5
60,0,22,6,461,0,56,2700 kg,0,461,POINT (-80.3125 0.6979166666666663),-80.3125,0.6979166666666663,15.0,14.807692307692308,15.0
61,0,22,6,461,0,56,2700 kg,0,461,POINT (-80.3125 0.6979166666666663),-80.3125,0.6979166666666663,15.0,15.05448717948718,15.0
62,0,22,6,461,0,56,2700 kg,0,461,POINT (-80.3125 0.6979166666666663),-80.3125,0.6979166666666663,15.0,15.301282051282051,15.5
63,0,22,6,461,0,56,2700 kg,0,461,POINT (-80.3125 0.6979166666666663),-80.3125,0.6979166666666663,16.0,15.548076923076923,15.5
64,0,22,6,461,0,56,2700 kg,0,461,POINT (-80.3125 0.6979166666666663),-80.3125,0.6979166666666663,16.0,15.794871794871796,16.0
65,0,22,6,461,0,56,2700 kg,0,461,POINT (-80.3125 0.6979166666666663),-80.3125,0.6979166666666663,16.0,16.041666666666668,16.0
66,0,22,6,461,0,56,2700 kg,0,461,POINT (-80.3125 0.6979166666666663),-80.3125,0.6979166666666663,16.0,16.28846153846154,16.5
67,0,22,6,461,0,56,2700 kg,0,461,POINT (-80.3125 0.6979166666666663),-80.3125,0.6979166666666663,17.0,16.535256410256412,16.5
68,0,22,6,461,0,56,2700 kg,0,461,POINT (-80.3125 0.6979166666666663),-80.3125,0.6979166666666663,17.0,16.782051282051285,17.0
69,0,22,6,461,0,56,2700 kg,0,461,POINT (-80.3125 0.6979166666666663),-80.3125,0.6979166666666663,17.0,17.028846153846153,17.0
70,0,22,6,461,0,56,2700 kg,0,461,POINT (-80.3125 0.6979166666666663),-80.3125,0.6979166666666663,17.0,17.275641025641026,17.5
71,0,22,6,461,0,56,2700 kg,0,461,POINT (-80.3125 0.6979166666666663),-80.3125,0.6979166666666663,18.0,17.522435897435898,17.5
72,0,22,6,461,0,56,2700 kg,0,461,POINT (-80.3125 0.6979166666666663),-80.3125,0.6979166666666663,18.0,17.76923076923077,18.0
73,0,22,6,461,0,56,2700 kg,0,461,POINT (-80.3125 0.6979166666666663),-80.3125,0.6979166666666663,18.0,18.016025641025642,18.0
74,0,22,6,461,0,56,2700 kg,0,461,POINT (-80.3125 0.6979166666666663),-80.3125,0.6979166666666663,18.0,18.262820512820515,18.5
75,0,22,6,461,0,56,2700 kg,0,461,POINT (-80.3125 0.6979166666666663),-80.3125,0.6979166666666663,19.0,18.509615384615387,18.5
76,0,22,6,461,0,56,2700 kg,0,461,POINT (-80.3125 0.6979166666666663),-80.3125,0.6979166666666663,19.0,18.756410256410255,19.0
77,0,22,6,461,0,56,2700 kg,0,461,POINT (-80.3125 0.6979166666666663),-80.3125,0.6979166666666663,19.0,19.003205128205128,19.0
78,0,22,6,461,0,56,2700 kg,0,461,POINT (-80.3125 0.6979166666666663),-80.3125,0.6979166666666663,19.0,19.25,19.0
79,0,22,6,461,0,56,2700 kg,0,461,POINT (-80.3125 0.6979166666666663),-80.3125,0.6979166666666663,20.0,19.5,19.5
80,0,22,6,461,0,56,2700 kg,0,461,POINT (-80.3125 0.6979166666666663),-80.3125,0.6979166666666663,20.0,19.75,20.0
81,0,22,6,461,0,56,2700 kg,0,461,POINT (-80.3125 0.6979166666666663),-80.3125,0.6979166666666663,20.0,20.0,20.0
82,0,22,6,461,0,56,2700 kg,0,461,POINT (-80.3125 0.6979166666666663),-80.3125,0.6979166666666663,20.0,20.25,20.0
83,0,22,6,461,0,56,2700 kg,0,461,POINT (-80.3125 0.6979166666666663),-80.3125,0.6979166666666663,20.0,20.5,20.5
84,1,22,7,462,0,56,2701 kg,1,462,POINT (-80.3125 1.552083333333333),-80.3125,1.552083333333333,21.0,20.75,21.0
85,1,22,7,462,0,56,2701 kg,1,462,POINT (-80.3125 1.552083333333333),-80.3125,1.552083333333333,21.0,21.0,21.0
86,1,22,7,462,0,56,2701 kg,1,462,POINT (-80.3125 1.552083333333333),-80.3125,1.552083333333333,21.0,21.25,21.0
87,2,22,8,463,270,56,2702 kg,2,463,POINT (-80.3125 2.406249999999999),-80.3125,2.4062499999999987,22.0,21.5,21.5
88,2,22,8,463,270,56,2702 kg,2,463,POINT (-80.3125 2.406249999999999),-80.3125,2.4062499999999987,22.0,21.75,22.0
89,2,22,8,463,270,56,2702 kg,2,463,POINT (-80.3125 2.406249999999999),-80.3125,2.4062499999999987,22.0,22.0,22.0
90,2,22,8,463,270,56,2702 kg,2,463,POINT (-80.3125 2.406249999999999),-80.3125,2.4062499999999987,22.0,22.25,22.0
91,2,22,8,463,270,56,2702 kg,2,463,POINT (-80.3125 2.406249999999999),-80.3125,2.4062499999999987,22.0,22.5,22.5
92,3,21,8,439,0,56,2703 kg,3,439,POINT (-81.27083333333334 2.406249999999999),-81.27083333333334,2.4062499999999987,23.0,22.75,23.0
93,3,21,8,439,0,56,2703 kg,3,439,POINT (-81.27083333333334 2.406249999999999),-81.27083333333334,2.4062499999999987,23.0,23.0,23.0
94,3,21,8,439,0,56,2703 kg,3,439,POINT (-81.27083333333334 2.406249999999999),-81.27083333333334,2.4062499999999987,23.0,23.25,23.0
95,4,21,9,440,270,56,2704 kg,4,440,POINT (-81.27083333333334 3.260416666666667),-81.27083333333334,3.2604166666666665,24.0,23.5,23.5
96,4,21,9,440,270,56,2704 kg,4,440,POINT (-81.27083333333334 3.260416666666667),-81.27083333333334,3.2604166666666665,24.0,23.75,24.0
97,4,21,9,440,270,56,2704 kg,4,440,POINT (-81.27083333333334 3.260416666666667),-81.27083333333334,3.2604166666666665,24.0,24.0,24.0
98,4,21,9,440,270,56,2704 kg,4,440,POINT (-81.27083333333334 3.260416666666667),-81.27083333333334,3.2604166666666665,24.0,24.25,24.0
99,4,21,9,440,270,56,2704 kg,4,440,POINT (-81.27083333333334 3.260416666666667),-81.27083333333334,3.2604166666666665,24.0,24.5,24.5
100,5,20,9,416,270,56,2705 kg,5,416,POINT (-82.22916666666667 3.260416666666667),-82.22916666666667,3.2604166666666665,25.0,24.75,25.0
101,5,20,9,416,270,56,2705 kg,5,416,POINT (-82.22916666666667 3.260416666666667),-82.22916666666667,3.2604166666666665,25.0,25.0,25.0
102,5,20,9,416,270,56,2705 kg,5,416,POINT (-82.22916666666667 3.260416666666667),-82.22916666666667,3.2604166666666665,25.0,25.25,25.0
103,6,19,9,392,270,56,2706 kg,6,392,POINT (-83.1875 3.260416666666667),-83.1875,3.2604166666666665,26.0,25.5,25.5
104,6,19,9,392,270,56,2706 kg,6,392,POINT (-83.1875 3.260416666666667),-83.1875,3.2604166666666665,26.0,25.75,26.0
105,6,19,9,392,270,56,2706 kg,6,392,POINT (-83.1875 3.260416666666667),-83.1875,3.2604166666666665,26.0,26.0,26.0
106,6,19,9,392,270,56,2706 kg,6,392,POINT (-83.1875 3.260416666666667),-83.1875,3.2604166666666665,26.0,26.25,26.0
107,6,19,9,392,270,56,2706 kg,6,392,POINT (-83.1875 3.260416666666667),-83.1875,3.2604166666666665,26.0,26.5,26.5
108,7,18,9,368,0,56,2707 kg,7,368,POINT (-84.14583333333334 3.260416666666667),-84.14583333333334,3.2604166666666665,27.0,26.75,27.0
109,7,18,9,368,0,56,2707 kg,7,368,POINT (-84.14583333333334 3.260416666666667),-84.14583333333334,3.2604166666666665,27.0,27.0,27.0
110,7,18,9,368,0,56,2707 kg,7,368,POINT (-84.14583333333334 3.260416666666667),-84.14583333333334,3.2604166666666665,27.0,27.25,27.0
111,8,18,10,369,270,56,2708 kg,8,369,POINT (-84.14583333333334 4.114583333333334),-84.14583333333334,4.114583333333334,28.0,27.5,27.5
112,8,18,10,369,270,56,2708 kg,8,369,POINT (-84.14583333333334 4.114583333333334),-84.14583333333334,4.114583333333334,28.0,27.75,28.0
113,8,18,10,369,270,56,2708 kg,8,369,POINT (-84.14583333333334 4.114583333333334),-84.14583333333334,4.114583333333334,28.0,28.0,28.0
114,8,18,10,369,270,56,2708 kg,8,369,POINT (-84.14583333333334 4.114583333333334),-84.14583333333334,4.114583333333334,28.0,28.25,28.0
115,8,18,10,369,270,56,2708 kg,8,369,POINT (-84.14583333333334 4.114583333333334),-84.14583333333334,4.114583333333334,28.0,28.5,28.5
116,9,17,10,345,270,56,2709 kg,9,345,POINT (-85.10416666666666 4.114583333333334),-85.10416666666666,4.114583333333334,29.0,28.75,29.0
117,9,17,10,345,270,56,2709 kg,9,345,POINT (-85.10416666666666 4.114583333333334),-85.10416666666666,4.114583333333334,29.0,29.0,29.0
118,9,17,10,345,270,56,2709 kg,9,345,POINT (-85.10416666666666 4.114583333333334),-85.10416666666666,4.114583333333334,29.0,29.25,29.0
119,10,16,10,321,270,56,2710 kg,10,321,POINT (-86.06250000000001 4.114583333333334),-86.06250000000001,4.114583333333334,30.0,29.5,29.5
120,10,16,10,321,270,56,2710 kg,10,321,POINT (-86.06250000000001 4.114583333333334),-86.06250000000001,4.114583333333334,30.0,29.75,30.0
121,10,16,10,321,270,56,2710 kg,10,321,POINT (-86.06250000000001 4.114583333333334),-86.06250000000001,4.114583333333334,30.0,30.0,30.0
122,10,16,10,321,270,56,2710 kg,10,321,POINT (-86.06250000000001 4.114583333333334),-86.06250000000001,4.114583333333334,30.0,30.25,30.0
123,10,16,10,321,270,56,2710 kg,10,321,POINT (-86.06250000000001 4.114583333333334),-86.06250000000001,4.114583333333334,30.0,30.5,30.5
124,11,15,10,297,0,56,2711 kg,11,297,POINT (-87.02083333333334 4.114583333333334),-87.02083333333334,4.114583333333334,31.0,30.75,31.0
125,11,15,10,297,0,56,2711 kg,11,297,POINT (-87.02083333333334 4.114583333333334),-87.02083333333334,4.114583333333334,31.0,31.0,31.0
126,11,15,10,297,0,56,2711 kg,11,297,POINT (-87.02083333333334 4.114583333333334),-87.02083333333334,4.114583333333334,31.0,31.25,31.0
127,12,15,11,298,0,56,2712 kg,12,298,POINT (-87.02083333333334 4.968749999999999),-87.02083333333334,4.968749999999999,32.0,31.5,31.5
128,12,15,11,298,0,56,2712 kg,12,298,POINT (-87.02083333333334 4.968749999999999),-87.02083333333334,4.968749999999999,32.0,31.75,32.0
129,12,15,11,298,0,56,2712 kg,12,298,POINT (-87.02083333333334 4.968749999999999),-87.02083333333334,4.968749999999999,32.0,32.0,32.0
130,12,15,11,298,0,56,2712 kg,12,298,POINT (-87.02083333333334 4.968749999999999),-87.02083333333334,4.968749999999999,32.0,32.25,32.0
131,12,15,11,298,0,56,2712 kg,12,298,POINT (-87.02083333333334 4.968749999999999),-87.02083333333334,4.968749999999999,32.0,32.5,32.5
132,13,15,12,299,0,56,2713 kg,13,299,POINT (-87.02083333333334 5.822916666666665),-87.02083333333334,5.822916666666665,33.0,32.75,33.0
133,13,15,12,299,0,56,2713 kg,13,299,POINT (-87.02083333333334 5.822916666666665),-87.02083333333334,5.822916666666665,33.0,33.0,33.0
134,13,15,12,299,0,56,2713 kg,13,299,POINT (-87.02083333333334 5.822916666666665),-87.02083333333334,5.822916666666665,33.0,33.25,33.0
135,14,15,13,300,0,56,2714 kg,14,300,POINT (-87.02083333333334 6.677083333333334),-87.02083333333334,6.677083333333334,34.0,33.5,33.5
136,14,15,13,300,0,56,2714 kg,14,300,POINT (-87.02083333333334 6.677083333333334),-87.02083333333334,6.677083333333334,34.0,33.75,34.0
137,14,15,13,300,0,56,2714 kg,14,300,POINT (-87.02083333333334 6.677083333333334),-87.02083333333334,6.677083333333334,34.0,34.0,34.0
138,14,15,13,300,0,56,2714 kg,14,300,POINT (-87.02083333333334 6.677083333333334),-87.02083333333334,6.677083333333334,34.0,34.25,34.0
139,14,15,13,300,0,56,2714 kg,14,300,POINT (-87.02083333333334 6.677083333333334),-87.02083333333334,6.677083333333334,34.0,34.5,34.5
140,15,15,14,301,0,56,2715 kg,15,301,POINT (-87.02083333333334 7.531250000000001),-87.02083333333334,7.531250000000001,35.0,34.75,35.0
141,15,15,14,301,0,56,2715 kg,15,301,POINT (-87.02083333333334 7.531250000000001),-87.02083333333334,7.531250000000001,35.0,35.0,35.0
142,15,15,14,301,0,56,2715 kg,15,301,POINT (-87.02083333333334 7.531250000000001),-87.02083333333334,7.531250000000001,35.0,35.25,35.0
143,16,15,15,302,270,56,2716 kg,16,302,POINT (-87.02083333333334 8.385416666666666),-87.02083333333334,8.385416666666666,36.0,35.5,35.5
144,16,15,15,302,270,56,2716 kg,16,302,POINT (-87.02083333333334 8.385416666666666),-87.02083333333334,8.385416666666666,36.0,35.75,36.0
145,16,15,15,302,270,56,2716 kg,16,302,POINT (-87.02083333333334 8.385416666666666),-87.02083333333334,8.385416666666666,36.0,36.0,36.0
146,16,15,15,302,270,56,2716 kg,16,302,POINT (-87.02083333333334 8.385416666666666),-87.02083333333334,8.385416666666666,36.0,36.25,36.0
147,16,15,15,302,270,56,2716 kg,16,302,POINT (-87.02083333333334 8.385416666666666),-87.02083333333334,8.385416666666666,36.0,36.5,36.5
148,17,14,15,278,0,56,2717 kg,17,278,POINT (-87.97916666666667 8.385416666666666),-87.97916666666667,8.385416666666666,37.0,36.75,37.0
149,17,14,15,278,0,56,2717 kg,17,278,POINT (-87.97916666666667 8.385416666666666),-87.97916666666667,8.385416666666666,37.0,37.0,37.0
150,17,14,15,278,0,56,2717 kg,17,278,POINT (-87.97916666666667 8.385416666666666),-87.97916666666667,8.385416666666666,37.0,37.25,37.0
151,18,14,16,279,0,56,2718 kg,18,279,POINT (-87.97916666666667 9.239583333333332),-87.97916666666667,9.239583333333332,38.0,37.5,37.5
152,18,14,16,279,0,56,2718 kg,18,279,POINT (-87.97916666666667 9.239583333333332),-87.97916666666667,9.239583333333332,38.0,37.75,38.0
153,18,14,16,279,0,56,2718 kg,18,279,POINT (-87.97916666666667 9.239583333333332),-87.97916666666667,9.239583333333332,38.0,38.0,38.0
154,18,14,16,279,0,56,2718 kg,18,279,POINT (-87.97916666666667 9.239583333333332),-87.97916666666667,9.239583333333332,38.0,38.25,38.0
155,18,14,16,279,0,56,2718 kg,18,279,POINT (-87.97916666666667 9.239583333333332),-87.97916666666667,9.239583333333332,38.0,38.5,38.5
156,19,14,17,280,270,56,2719 kg,19,280,POINT (-87.97916666666667 10.09375),-87.97916666666667,10.09375,39.0,38.75,39.0
157,19,14,17,280,270,56,2719 kg,19,280,POINT (-87.97916666666667 10.09375),-87.97916666666667,10.09375,39.0,39.0,39.0
158,19,14,17,280,270,56,2719 kg,19,280,POINT (-87.97916666666667 10.09375),-87.97916666666667,10.09375,39.0,39.25,39.0
159,20,13,17,256,0,56,2720 kg,20,256,POINT (-88.93750000000001 10.09375),-88.93750000000001,10.09375,40.0,39.5,39.5
160,20,13,17,256,0,56,2720 kg,20,256,POINT (-88.93750000000001 10.09375),-88.93750000000001,10.09375,40.0,39.75,40.0
161,20,13,17,256,0,56,2720 kg,20,256,POINT (-88.93750000000001 10.09375),-88.93750000000001,10.09375,40.0,40.0,40.0
162,20,13,17,256,0,56,2720 kg,20,256,POINT (-88.93750000000001 10.09375),-88.93750000000001,10.09375,40.0,40.25,40.0
163,20,13,17,256,0,56,2720 kg,20,256,POINT (-88.93750000000001 10.09375),-88.93750000000001,10.09375,40.0,40.5,40.5
164,21,13,18,257,270,56,2721 kg,21,257,POINT (-88.93750000000001 10.94791666666666),-88.93750000000001,10.947916666666664,41.0,40.75,41.0
165,21,13,18,257,270,56,2721 kg,21,257,POINT (-88.93750000000001 10.94791666666666),-88.93750000000001,10.947916666666664,41.0,41.0,41.0
166,21,13,18,257,270,56,2721 kg,21,257,POINT (-88.93750000000001 10.94791666666666),-88.93750000000001,10.947916666666664,41.0,41.25,41.0
167,22,12,18,233,0,56,2722 kg,22,233,POINT (-89.89583333333334 10.94791666666666),-89.89583333333334,10.947916666666664,42.0,41.5,41.5
168,22,12,18,233,0,56,2722 kg,22,233,POINT (-89.89583333333334 10.94791666666666),-89.89583333333334,10.947916666666664,42.0,41.75,42.0
169,22,12,18,233,0,56,2722 kg,22,233,POINT (-89.89583333333334 10.94791666666666),-89.89583333333334,10.947916666666664,42.0,42.0,42.0
170,22,12,18,233,0,56,2722 kg,22,233,POINT (-89.89583333333334 10.94791666666666),-89.89583333333334,10.947916666666664,42.0,42.25,42.0
171,22,12,18,233,0,56,2722 kg,22,233,POINT (-89.89583333333334 10.94791666666666),-89.89583333333334,10.947916666666664,42.0,42.5,42.5
172,23,12,19,234,0,56,2723 kg,23,234,POINT (-89.89583333333334 11.80208333333333),-89.89583333333334,11.802083333333332,43.0,42.75,43.0
173,23,12,19,234,0,56,2723 kg,23,234,POINT (-89.89583333333334 11.80208333333333),-89.89583333333334,11.802083333333332,43.0,43.0,43.0
174,23,12,19,234,0,56,2723 kg,23,234,POINT (-89.89583333333334 11.80208333333333),-89.89583333333334,11.802083333333332,43.0,43.25,43.0
175,24,12,20,235,0,56,2724 kg,24,235,POINT (-89.89583333333334 12.65624999999999),-89.89583333333334,12.656249999999996,44.0,43.5,43.5
176,24,12,20,235,0,56,2724 kg,24,235,POINT (-89.89583333333334 12.65624999999999),-89.89583333333334,12.656249999999996,44.0,43.75,44.0
177,24,12,20,235,0,56,2724 kg,24,235,POINT (-89.89583333333334 12.65624999999999),-89.89583333333334,12.656249999999996,44.0,44.0,44.0
178,24,12,20,235,0,56,2724 kg,24,235,POINT (-89.89583333333334 12.65624999999999),-89.89583333333334,12.656249999999996,44.0,44.25,44.0
179,24,12,20,235,0,56,2724 kg,24,235,POINT (-89.89583333333334 12.65624999999999),-89.89583333333334,12.656249999999996,44.0,44.5,44.5
180,25,12,21,236,0,56,2725 kg,25,236,POINT (-89.89583333333334 13.51041666666666),-89.89583333333334,13.510416666666664,45.0,44.75,45.0
181,25,12,21,236,0,56,2725 kg,25,236,POINT (-89.89583333333334 13.51041666666666),-89.89583333333334,13.510416666666664,45.0,45.0,45.0
182,25,12,21,236,0,56,2725 kg,25,236,POINT (-89.89583333333334 13.51041666666666),-89.89583333333334,13.510416666666664,45.0,45.25,45.0
183,26,12,21,236,0,0,2726 kg,26,236,POINT (-89.89583333333334 13.51041666666666),-89.89583333333334,13.510416666666664,46.0,45.5,45.5
184,26,12,21,236,0,0,2726 kg,26,236,POINT (-89.89583333333334 13.51041666666666),-89.89583333333334,13.510416666666664,46.0,45.75,46.0
185,26,12,21,236,0,0,2726 kg,26,236,POINT (-89.89583333333334 13.51041666666666),-89.89583333333334,13.510416666666664,46.0,46.0,46.0
186,26,12,21,236,0,0,2726 kg,26,236,POINT (-89.89583333333334 13.51041666666666),-89.89583333333334,13.510416666666664,46.0,46.25,46.0
187,26,12,21,236,0,0,2726 kg,26,236,POINT (-89.89583333333334 13.51041666666666),-89.89583333333334,13.510416666666664,46.0,46.5,46.5
188,27,12,21,236,0,0,2727 kg,27,236,POINT (-89.89583333333334 13.51041666666666),-89.89583333333334,13.510416666666664,47.0,46.75,47.0
189,27,12,21,236,0,0,2727 kg,27,236,POINT (-89.89583333333334 13.51041666666666),-89.89583333333334,13.510416666666664,47.0,47.0,47.0
190,27,12,21,236,0,0,2727 kg,27,236,POINT (-89.89583333333334 13.51041666666666),-89.89583333333334,13.510416666666664,47.0,47.25,47.0
191,28,12,21,236,0,0,2728 kg,28,236,POINT (-89.89583333333334 13.51041666666666),-89.89583333333334,13.510416666666664,48.0,47.5,47.5
192,28,12,21,236,0,0,2728 kg,28,236,POINT (-89.89583333333334 13.51041666666666),-89.89583333333334,13.510416666666664,48.0,47.75,48.0
193,28,12,21,236,0,0,2728 kg,28,236,POINT (-89.89583333333334 13.51041666666666),-89.89583333333334,13.510416666666664,48.0,48.0,48.0
194,28,12,21,236,0,0,2728 kg,28,236,POINT (-89.89583333333334 13.51041666666666),-89.89583333333334,13.510416666666664,48.0,48.25,48.0
195,28,12,21,236,0,0,2728 kg,28,236,POINT (-89.89583333333334 13.51041666666666),-89.89583333333334,13.510416666666664,48.0,48.5,48.5
196,29,12,21,236,0,0,2729 kg,29,236,POINT (-89.89583333333334 13.51041666666666),-89.89583333333334,13.510416666666664,49.0,48.75,49.0
197,29,12,21,236,0,0,2729 kg,29,236,POINT (-89.89583333333334 13.51041666666666),-89.89583333333334,13.510416666666664,49.0,49.0,49.0
198,29,12,21,236,0,0,2729 kg,29,236,POINT (-89.89583333333334 13.51041666666666),-89.89583333333334,13.510416666666664,49.0,49.25,49.0
199,30,12,21,236,0,0,2730 kg,30,236,POINT (-89.89583333333334 13.51041666666666),-89.89583333333334,13.510416666666664,50.0,49.5,49.5
200,30,12,21,236,0,0,2730 kg,30,236,POINT (-89.89583333333334 13.51041666666666),-89.89583333333334,13.510416666666664,50.0,49.75,50.0
201,30,12,21,236,0,0,2730 kg,30,236,POINT (-89.89583333333334 13.51041666666666),-89.89583333333334,13.510416666666664,50.0,50.0,50.0
202,30,12,21,236,0,0,2730 kg,30,236,POINT (-89.89583333333334 13.51041666666666),-89.89583333333334,13.510416666666664,50.0,50.25,50.0
203,30,12,21,236,0,0,2730 kg,30,236,POINT (-89.89583333333334 13.51041666666666),-89.89583333333334,13.510416666666664,50.0,50.5,50.5
204,31,12,21,236,0,0,2731 kg,31,236,POINT (-89.89583333333334 13.51041666666666),-89.89583333333334,13.510416666666664,51.0,50.75,51.0
205,31,12,21,236,0,0,2731 kg,31,236,POINT (-89.89583333333334 13.51041666666666),-89.89583333333334,13.510416666666664,51.0,51.0,51.0
206,31,12,21,236,0,0,2731 kg,31,236,POINT (-89.89583333333334 13.51041666666666),-89.89583333333334,13.510416666666664,51.0,51.25,51.0
207,32,12,21,236,0,0,2732 kg,32,236,POINT (-89.89583333333334 13.51041666666666),-89.89583333333334,13.510416666666664,52.0,51.5,51.5
208,32,12,21,236,0,0,2732 kg,32,236,POINT (-89.89583333333334 13.51041666666666),-89.89583333333334,13.510416666666664,52.0,51.75,52.0
209,32,12,21,236,0,0,2732 kg,32,236,POINT (-89.89583333333334 13.51041666666666),-89.89583333333334,13.510416666666664,52.0,52.0,52.0
210,32,12,21,236,0,0,2732 kg,32,236,POINT (-89.89583333333334 13.51041666666666),-89.89583333333334,13.510416666666664,52.0,52.25,52.0
211,32,12,21,236,0,0,2732 kg,32,236,POINT (-89.89583333333334 13.51041666666666),-89.89583333333334,13.510416666666664,52.0,52.5,52.5
212,33,12,21,236,0,0,2733 kg,33,236,POINT (-89.89583333333334 13.51041666666666),-89.89583333333334,13.510416666666664,53.0,52.75,53.0
213,33,12,21,236,0,0,2733 kg,33,236,POINT (-89.89583333333334 13.51041666666666),-89.89583333333334,13.510416666666664,53.0,53.0,53.0
214,33,12,21,236,0,0,2733 kg,33,236,POINT (-89.89583333333334 13.51041666666666),-89.89583333333334,13.510416666666664,53.0,53.25,53.0
215,34,12,21,236,0,0,2734 kg,34,236,POINT (-89.89583333333334 13.51041666666666),-89.89583333333334,13.510416666666664,54.0,53.5,53.5
216,34,12,21,236,0,0,2734 kg,34,236,POINT (-89.89583333333334 13.51041666666666),-89.89583333333334,13.510416666666664,54.0,53.75,54.0
217,34,12,21,236,0,0,2734 kg,34,236,POINT (-89.89583333333334 13.51041666666666),-89.89583333333334,13.510416666666664,54.0,54.0,54.0
218,34,12,21,236,0,0,2734 kg,34,236,POINT (-89.89583333333334 13.51041666666666),-89.89583333333334,13.510416666666664,54.0,54.25,54.0
219,34,12,21,236,0,0,2734 kg,34,236,POINT (-89.89583333333334 13.51041666666666),-89.89583333333334,13.510416666666664,54.0,54.5,54.5
220,35,12,21,236,0,0,2735 kg,35,236,POINT (-89.89583333333334 13.51041666666666),-89.89583333333334,13.510416666666664,55.0,54.75,55.0
221,35,12,21,236,0,0,2735 kg,35,236,POINT (-89.89583333333334 13.51041666666666),-89.89583333333334,13.510416666666664,55.0,55.0,55.0
222,35,12,21,236,0,0,2735 kg,35,236,POINT (-89.89583333333334 13.51041666666666),-89.89583333333334,13.510416666666664,55.0,55.25,55.0
223,36,12,21,236,0,0,2736 kg,36,236,POINT (-89.89583333333334 13.51041666666666),-89.89583333333334,13.510416666666664,56.0,55.5,55.5
224,36,12,21,236,0,0,2736 kg,36,236,POINT (-89.89583333333334 13.51041666666666),-89.89583333333334,13.510416666666664,56.0,55.75,56.0
225,36,12,21,236,0,0,2736 kg,36,236,POINT (-89.89583333333334 13.51041666666666),-89.89583333333334,13.510416666666664,56.0,56.0,56.0
226,36,12,21,236,0,0,2736 kg,36,236,POINT (-89.89583333333334 13.51041666666666),-89.89583333333334,13.510416666666664,56.0,56.25,56.0
227,36,12,21,236,0,0,2736 kg,36,236,POINT (-89.89583333333334 13.51041666666666),-89.89583333333334,13.510416666666664,56.0,56.5,56.5
228,37,12,21,236,0,0,2737 kg,37,236,POINT (-89.89583333333334 13.51041666666666),-89.89583333333334,13.510416666666664,57.0,56.75,57.0
229,37,12,21,236,0,0,2737 kg,37,236,POINT (-89.89583333333334 13.51041666666666),-89.89583333333334,13.510416666666664,57.0,57.0,57.0
230,37,12,21,236,0,0,2737 kg,37,236,POINT (-89.89583333333334 13.51041666666666),-89.89583333333334,13.510416666666664,57.0,57.25,57.0
231,38,12,21,236,0,0,2738 kg,38,236,POINT (-89.89583333333334 13.51041666666666),-89.89583333333334,13.510416666666664,58.0,57.5,57.5
232,38,12,21,236,0,0,2738 kg,38,236,POINT (-89.89583333333334 13.51041666666666),-89.89583333333334,13.510416666666664,58.0,57.75,58.0
233,38,12,21,236,0,0,2738 kg,38,236,POINT (-89.89583333333334 13.51041666666666),-89.89583333333334,13.510416666666664,58.0,58.0,58.0
234,38,12,21,236,0,0,2738 kg,38,236,POINT (-89.89583333333334 13.51041666666666),-89.89583333333334,13.510416666666664,58.0,58.25,58.0
235,38,12,21,236,0,0,2738 kg,38,236,POINT (-89.89583333333334 13.51041666666666),-89.89583333333334,13.510416666666664,58.0,58.5,58.5
236,39,12,21,236,0,0,2739 kg,39,236,POINT (-89.89583333333334 13.51041666666666),-89.89583333333334,13.510416666666664,59.0,58.75,59.0
237,39,12,21,236,0,0,2739 kg,39,236,POINT (-89.89583333333334 13.51041666666666),-89.89583333333334,13.510416666666664,59.0,59.0,59.0
238,39,12,21,236,0,0,2739 kg,39,236,POINT (-89.89583333333334 13.51041666666666),-89.89583333333334,13.510416666666664,59.0,59.25,59.0
239,40,12,21,236,0,0,2740 kg,40,236,POINT (-89.89583333333334 13.51041666666666),-89.89583333333334,13.510416666666664,60.0,59.5,59.5
240,40,12,21,236,0,0,2740 kg,40,236,POINT (-89.89583333333334 13.51041666666666),-89.89583333333334,13.510416666666664,60.0,59.75,60.0
241,40,12,21,236,0,0,2740 kg,40,236,POINT (-89.89583333333334 13.51041666666666),-89.89583333333334,13.510416666666664,60.0,60.0,60.0
242,40,12,21,236,0,0,2740 kg,40,236,POINT (-89.89583333333334 13.51041666666666),-89.89583333333334,13.510416666666664,60.0,60.25,60.0
243,40,12,21,236,0,0,2740 kg,40,236,POINT (-89.89583333333334 13.51041666666666),-89.89583333333334,13.510416666666664,60.0,60.5,60.5
244,41,12,21,236,0,0,2741 kg,41,236,POINT (-89.89583333333334 13.51041666666666),-89.89583333333334,13.510416666666664,61.0,60.75,61.0
245,41,12,21,236,0,0,2741 kg,41,236,POINT (-89.89583333333334 13.51041666666666),-89.89583333333334,13.510416666666664,61.0,61.0,61.0
246,41,12,21,236,0,0,2741 kg,41,236,POINT (-89.89583333333334 13.51041666666666),-89.89583333333334,13.510416666666664,61.0,61.25,61.0
247,42,12,21,236,0,0,2742 kg,42,236,POINT (-89.89583333333334 13.51041666666666),-89.89583333333334,13.510416666666664,62.0,61.5,61.5
248,42,12,21,236,0,0,2742 kg,42,236,POINT (-89.89583333333334 13.51041666666666),-89.89583333333334,13.510416666666664,62.0,61.75,62.0
249,42,12,21,236,0,0,2742 kg,42,236,POINT (-89.89583333333334 13.51041666666666),-89.89583333333334,13.510416666666664,62.0,62.0,62.0
250,42,12,21,236,0,0,2742 kg,42,236,POINT (-89.89583333333334 13.51041666666666),-89.89583333333334,13.510416666666664,62.0,62.25,62.0
251,42,12,21,236,0,0,2742 kg,42,236,POINT (-89.89583333333334 13.51041666666666),-89.89583333333334,13.510416666666664,62.0,62.5,62.5
252,43,12,21,236,0,0,2743 kg,43,236,POINT (-89.89583333333334 13.51041666666666),-89.89583333333334,13.510416666666664,63.0,62.75,63.0
253,43,12,21,236,0,0,2743 kg,43,236,POINT (-89.89583333333334 13.51041666666666),-89.89583333333334,13.510416666666664,63.0,63.0,63.0
254,43,12,21,236,0,0,2743 kg,43,236,POINT (-89.89583333333334 13.51041666666666),-89.89583333333334,13.510416666666664,63.0,63.25,63.0
255,44,12,21,236,0,0,2744 kg,44,236,POINT (-89.89583333333334 13.51041666666666),-89.89583333333334,13.510416666666664,64.0,63.5,63.5
256,44,12,21,236,0,0,2744 kg,44,236,POINT (-89.89583333333334 13.51041666666666),-89.89583333333334,13.510416666666664,64.0,63.75,64.0
257,44,12,21,236,0,0,2744 kg,44,236,POINT (-89.89583333333334 13.51041666666666),-89.89583333333334,13.510416666666664,64.0,64.0,64.0
258,44,12,21,236,0,0,2744 kg,44,236,POINT (-89.89583333333334 13.51041666666666),-89.89583333333334,13.510416666666664,64.0,64.25,64.0
259,44,12,21,236,0,0,2744 kg,44,236,POINT (-89.89583333333334 13.51041666666666),-89.89583333333334,13.510416666666664,64.0,64.5,64.5
260,45,12,21,236,0,0,2745 kg,45,236,POINT (-89.89583333333334 13.51041666666666),-89.89583333333334,13.510416666666664,65.0,64.75,65.0
261,45,12,21,236,0,0,2745 kg,45,236,POINT (-89.89583333333334 13.51041666666666),-89.89583333333334,13.510416666666664,65.0,65.0,65.0
262,45,12,21,236,0,0,2745 kg,45,236,POINT (-89.89583333333334 13.51041666666666),-89.89583333333334,13.510416666666664,65.0,65.25,65.0
0,45,12,21,236,0,0,2745 kg,45,236,POINT (-89.89583333333334 13.51041666666666),-89.89583333333334,13.510416666666664,65.0,65.25,65.0
1,45,12,21,236,0,0,2745 kg,45,236,POINT (-89.89583333333334 13.51041666666666),-89.89583333333334,13.510416666666664,66.0,65.50961538461539,65.5
2,45,12,21,236,0,0,2745 kg,45,236,POINT (-89.89583333333334 13.51041666666666),-89.89583333333334,13.510416666666664,66.0,65.76923076923077,66.0
3,45,12,21,236,0,0,2745 kg,45,236,POINT (-89.89583333333334 13.51041666666666),-89.89583333333334,13.510416666666664,66.0,66.02884615384616,66.0
4,45,12,21,236,0,0,2745 kg,45,236,POINT (-89.89583333333334 13.51041666666666),-89.89583333333334,13.510416666666664,66.0,66.28846153846153,66.5
5,45,12,21,236,0,0,2745 kg,45,236,POINT (-89.89583333333334 13.51041666666666),-89.89583333333334,13.510416666666664,67.0,66.54807692307692,66.5
6,45,12,21,236,0,0,2745 kg,45,236,POINT (-89.89583333333334 13.51041666666666),-89.89583333333334,13.510416666666664,67.0,66.8076923076923,67.0
7,45,12,21,236,0,0,2745 kg,45,236,POINT (-89.89583333333334 13.51041666666666),-89.89583333333334,13.510416666666664,67.0,67.0673076923077,67.0
8,45,12,21,236,0,0,2745 kg,45,236,POINT (-89.89583333333334 13.51041666666666),-89.89583333333334,13.510416666666664,67.0,67.32692307692308,67.5
9,45,12,21,236,0,0,2745 kg,45,236,POINT (-89.89583333333334 13.51041666666666),-89.89583333333334,13.510416666666664,68.0,67.58653846153847,67.5
10,45,12,21,236,0,0,2745 kg,45,236,POINT (-89.89583333333334 13.51041666666666),-89.89583333333334,13.510416666666664,68.0,67.84615384615384,68.0
11,45,12,21,236,0,0,2745 kg,45,236,POINT (-89.89583333333334 13.51041666666666),-89.89583333333334,13.510416666666664,68.0,68.10576923076923,68.0
12,45,12,21,236,0,0,2745 kg,45,236,POINT (-89.89583333333334 13.51041666666666),-89.89583333333334,13.510416666666664,68.0,68.36538461538461,68.5
13,45,12,21,236,0,0,2745 kg,45,236,POINT (-89.89583333333334 13.51041666666666),-89.89583333333334,13.510416666666664,69.0,68.625,68.5
14,45,12,21,236,0,0,2745 kg,45,236,POINT (-89.89583333333334 13.51041666666666),-89.89583333333334,13.510416666666664,69.0,68.88461538461539,69.0
15,45,12,21,236,0,0,2745 kg,45,236,POINT (-89.89583333333334 13.51041666666666),-89.89583333333334,13.510416666666664,69.0,69.14423076923077,69.0
16,45,12,21,236,0,0,2745 kg,45,236,POINT (-89.89583333333334 13.51041666666666),-89.89583333333334,13.510416666666664,69.0,69.40384615384616,69.5
17,45,12,21,236,0,0,2745 kg,45,236,POINT (-89.89583333333334 13.51041666666666),-89.89583333333334,13.510416666666664,70.0,69.66346153846153,69.5
18,45,12,21,236,0,0,2745 kg,45,236,POINT (-89.89583333333334 13.51041666666666),-89.89583333333334,13.510416666666664,70.0,69.92307692307692,70.0
19,45,12,21,236,0,0,2745 kg,45,236,POINT (-89.89583333333334 13.51041666666666),-89.89583333333334,13.510416666666664,70.0,70.1826923076923,70.0
20,45,12,21,236,0,0,2745 kg,45,236,POINT (-89.89583333333334 13.51041666666666),-89.89583333333334,13.510416666666664,70.0,70.4423076923077,70.5
21,45,12,21,236,0,0,2745 kg,45,236,POINT (-89.89583333333334 13.51041666666666),-89.89583333333334,13.510416666666664,71.0,70.70192307692308,70.5
22,45,12,21,236,0,0,2745 kg,45,236,POINT (-89.89583333333334 13.51041666666666),-89.89583333333334,13.510416666666664,71.0,70.96153846153847,71.0
23,45,12,21,236,0,0,2745 kg,45,236,POINT (-89.89583333333334 13.51041666666666),-89.89583333333334,13.510416666666664,71.0,71.22115384615384,71.0
24,45,12,21,236,0,0,2745 kg,45,236,POINT (-89.89583333333334 13.51041666666666),-89.89583333333334,13.510416666666664,71.0,71.48076923076923,71.5
25,45,12,21,236,0,0,2745 kg,45,236,POINT (-89.89583333333334 13.51041666666666),-89.89583333333334,13.510416666666664,72.0,71.74038461538461,71.5
26,45,12,21,236,0,0,2745 kg,45,236,POINT (-89.89583333333334 13.51041666666666),-89.89583333333334,13.510416666666664,72.0,72.0,72.0
