Longitude,Latitude
-124.9393865,25.489612
-125.0271155,24.99660005
-124.9086901,24.16522065
-124.9376376,20.74442392
-125.0063666,20.29389673
-124.896601,19.86553713
-124.9593123,19.32625371
-125.1074815,12.55102229
-124.9660285,10.15252926
-124.9807038,9.624384169
-125.0438535,8.846351888
-125.1047905,7.713425159
-125.0160428,5.71494241
-125.0610414,5.02193113
-124.9722982,4.575671291
-125.0648764,4.168610717
-125.0598678,-1.861844967
-125.0168804,-9.69320098
-125.0459461,-10.25819154
-125.0423887,-11.01987234
-124.8847567,21.87965427
-125.0302816,18.85575954
-124.8964864,21.44427053
-124.9222339,26.58798446
-124.8223838,5.314452811
-124.928735,-11.82570896
-124.5986077,22.48792263
-124.5424975,27.20656245
-124.7603495,13.6811167
-124.7582752,-2.166375672
-124.7956214,-10.47613832
-124.5116598,25.52529919
-124.6896721,23.97092372
-124.5419937,20.58795415
-124.5222062,19.91685871
-124.5367541,19.16504853
-124.6123794,10.36303866
-124.5866117,9.452090046
-124.5866092,4.188890106
-124.4749187,22.05109845
-124.6172381,-11.16906463
-124.387609,12.35474274
-124.5262306,-10.33487652
-124.3427659,21.42655911
-124.4090323,4.869750747
-124.4132871,3.923048849
-124.4777468,5.889413126
-124.2593793,27.29578043
-124.1839383,25.59825967
-124.1681837,20.4056033
-124.1270527,19.89289102
-124.3207809,19.06988269
-124.1876771,10.63184441
-124.1932613,9.389335346
-124.2128906,4.245083272
-124.0866286,22.24306884
-124.2161777,-10.46551713
-124.4072832,-11.05010732
-124.0538195,21.69079538
-124.2206635,8.728527508
-124.1530156,23.78059203
-124.1323995,-12.01649382
-124.0288299,4.815398587
-124.2324609,-4.769161539
-123.9732569,3.978165734
-124.0563554,12.6699796
-123.8685684,27.27198897
-123.7754421,19.72414787
-123.7821863,10.61265263
-123.8022928,9.40063629
-123.8135492,4.566154707
-123.6180058,23.22387183
-123.7033169,22.36279717
-123.7996909,20.85225966
-123.8425055,-10.4196336
-123.770438,21.92485805
-123.7972599,-12.00153919
-123.6246993,18.11029375
-123.7189492,6.199693434
-123.679338,20.44978744
-123.4428657,18.70281443
-123.5578067,4.000450403
-123.5248395,3.569632356
-123.5262749,27.32551976
-123.4869799,19.75983507
-123.414303,10.56126308
-123.4122955,9.195831461
-123.4819028,4.58048623
-123.2998597,23.34078987
-123.4022419,22.30552143
-123.3211268,11.36025965
-123.2692076,11.13384425
-123.1739303,18.7427501
-123.2519187,4.108027461
-123.2529152,-11.51668431
-123.2087683,3.380207007
-123.0863588,27.35525909
-123.0089139,22.84182062
-123.0549266,13.38032466
-123.029217,23.7606072
-123.0150104,10.61261298
-123.0454103,9.284794532
-122.995652,8.647261802
-123.1231142,8.304246448
-123.0571415,28.41992698
-123.0598146,11.51609372
-122.9439079,4.68794433
-122.8530685,3.154882042
-123.0558584,-3.912668932
-122.9761835,-11.03639891
-122.8570849,24.00661091
-122.8402378,7.097067702
-122.9644375,5.556332668
-122.7343179,10.00676342
-122.6594532,13.61737541
-122.6586559,9.566515645
-122.7169062,28.01547214
-122.6103344,10.65372249
-122.6325144,8.738723849
-122.6740293,26.68315031
-122.6981943,21.30628005
-122.8246331,-12.26347185
-122.5918575,17.78514378
-122.5401058,7.554815417
-122.5764312,4.908525164
-122.5582652,19.82327896
-122.5246551,27.3017283
-122.4805379,21.89630829
-122.4621842,3.14744721
-122.66879,-4.769161539
-122.5614106,-10.77650552
-122.3548859,5.276584735
-122.2675273,13.84170907
-122.2741567,9.895545032
-122.2770664,9.3893313
-122.3242777,28.39613552
-122.1597914,23.31665853
-122.1773169,22.26473606
-122.2324077,10.78331672
-122.2309723,8.772857313
-122.3193681,-11.28405669
-122.28247,26.82589907
-122.3043005,-10.64961772
-122.1228346,10.15680824
-122.1823027,7.797488322
-122.2397306,-11.81483286
-122.2170319,19.64087776
-122.0029981,8.552153475
-122.1688088,3.189082268
-122.1303209,-12.32238404
-122.0427799,-5.011041395
-122.0377768,5.162753922
-121.9001063,14.04988435
-121.9142402,9.6969281
-121.779682,23.44870114
-121.7503892,22.3556421
-121.8416584,10.74584516
-121.8484749,9.229139506
-121.9246919,-11.18910713
-121.8180473,6.938880919
-121.7388808,10.05697221
-121.8629632,-11.66273745
-121.7680539,27.12329234
-121.6273674,8.593709227
-121.857966,-5.56749724
-121.7986226,-12.29651555
-121.6094307,8.054436105
-121.7222687,-5.092725412
-121.8648923,-10.73288784
-121.5441785,22.5734586
-121.5029954,14.34063867
-121.5692758,5.33983037
-121.4579786,23.26986866
-121.4528227,22.24255336
-121.4517921,10.5118958
-121.4807109,9.513645731
-121.4469368,8.874051947
-121.5741344,-11.27364793
-121.4191577,6.900550231
-121.204431,22.06046937
-121.3075236,9.994431512
-121.361183,2.403964045
-121.2655867,8.452943081
-121.3683327,-5.348087097
-121.3478846,-12.18869869
-121.1996957,8.013122043
-121.1984902,5.986006459
-121.0965472,27.94409776
-121.1688332,14.57820585
-121.2145247,5.680048266
-121.1973342,2.670768289
-121.0616362,10.34238163
-121.0773063,7.632307605
-121.1766753,-11.37140534
-120.9165729,22.23355226
-121.0392818,14.22911336
-121.0481934,9.709264413
-121.1402617,9.156773812
-120.9576541,4.48518821
-120.9128947,21.6928913
-120.8500775,10.04158959
-120.807079,23.49212056
-120.8165992,15.10111835
-120.8681997,8.409763124
-121.0823975,-5.149824919
-120.9672126,-12.13856668
-120.8849249,6.170945418
-120.7536894,14.71350751
-120.7715969,7.829606795
-120.7833328,7.030411958
-120.9109718,5.811694352
-120.8767059,2.563366835
-120.8105407,28.15822091
-120.9619465,-5.5304883
-120.7695074,-11.63874773
-120.5681953,22.28172996
-120.7003011,20.06912406
-120.6330096,4.598329826
-120.5111904,10.20007345
-120.5441295,9.774218879
-120.3966688,23.29904152
-120.4147609,15.26089401
-120.6255576,-12.22712378
-120.3747145,21.84158793
-120.3614618,21.16617478
-120.3947095,14.67441021
-120.3600145,7.716121525
-120.4891866,7.243543798
-120.3343147,5.008137747
-120.4047604,20.59253621
-120.3780408,-11.51661823
-120.2855747,3.621293815
-120.2365785,1.838444786
-120.1553698,9.035173009
-120.2217324,5.400668535
-120.2493984,22.54343604
-120.226544,10.54302296
-120.1164812,9.835623508
-120.0383404,23.29617144
-120.0773485,15.5226891
-120.2423058,-12.12072308
-120.0130472,7.722307305
-120.039911,-11.78552783
-119.9758487,10.92527244
-119.9267416,5.180427579
-120.0613174,4.592778485
-119.8657249,10.05886672
-119.931204,2.012991031
-119.7871439,22.10725925
-119.7550237,21.64332575
-119.9685065,8.934720173
-119.7450832,9.720631445
-119.8851407,5.738733871
-119.6352548,23.28543224
-119.8194531,20.3546216
-119.5723495,20.97319959
-119.6503538,6.878571453
-119.6387855,2.56653903
-119.6221337,7.721355646
-119.6196875,3.191725763
-119.69619,-12.0184198
-119.5973271,15.41551423
-119.7470649,3.843347454
-119.6814842,-12.37053343
-119.4297184,10.30595804
-119.5191467,6.406027714
-119.4387883,21.69751741
-119.429569,9.251939657
-119.4980366,15.76286957
-119.3571706,9.828599362
-119.3606647,8.274507122
-119.3573692,5.124687584
-119.2863541,23.44998985
-119.3162847,10.53844593
-119.2728598,2.60674763
-119.3308059,20.3546216
-119.2305032,7.879965388
-119.2022183,6.683443706
-119.3960302,5.841830203
-119.3055026,-12.06967057
-119.1690715,3.065298693
-119.2258591,-5.221199303
-119.182501,20.73528498
-118.9527353,9.885189052
-118.9201338,8.441047351
-118.9480074,3.326279695
-118.9288266,8.836722011
-118.9168083,7.090088873
-119.0614441,-12.12865357
-118.8644944,5.288735374
-118.9770625,4.834658341
-118.8646357,2.503816087
-118.8983286,7.856491147
-118.8309406,6.54169569
-118.8432316,-5.978560822
-119.0602857,-6.43456383
-119.0828469,-11.45456217
-118.7034458,5.751463848
-118.6694289,-5.459690679
-118.570826,10.055298
-118.7471025,3.450788342
-118.5361573,6.896584988
-118.4960776,4.941861533
-118.5472597,2.614121953
-118.5624074,6.492130146
-118.5873922,-12.11437869
-118.4159023,22.78135065
-118.3455886,5.808505973
-118.2987446,5.358863539
-118.3211825,4.715383815
-118.3304515,-5.92436916
-118.3222539,-5.308434662
-118.35009,10.24325054
-118.2387277,7.840312953
-118.1858233,9.826424143
-118.1421973,6.796887436
-118.3092981,3.010646308
-118.0363454,9.380810072
-118.069412,3.835416967
-118.1174213,-12.28329807
-117.9402435,5.998476206
-117.9521,5.60391559
-118.001528,4.896119616
-117.9588493,-5.99392614
-117.759383,6.857725601
-117.6900752,6.436050272
-117.7970099,2.834589494
-117.6575102,9.410549399
-117.5685433,8.004474036
-117.7023741,-12.35070721
-117.5624806,6.091640547
-117.5585212,5.613545467
-117.6656098,-5.982526065
-117.5684328,4.767249201
-117.6056783,-5.332226123
-117.5099537,6.906498097
-117.3950005,5.30255708
-117.33179,8.494578139
-117.2509569,6.288268073
-117.2119138,7.98600733
-117.2314969,7.511764201
-117.3056519,3.437759685
-117.1817556,5.63582636
-117.0590931,3.935114519
-117.1088514,9.172634786
-117.2044958,-6.672478443
-116.9201364,5.342209516
-116.8773722,6.314685497
-116.9916081,8.078227566
-116.9122787,-5.076467914
-116.7291073,3.062194474
-116.9063889,-5.578071223
-116.7929415,8.791971405
-116.8106911,-6.030108988
-116.6853215,5.556332668
-116.5480967,4.830693098
-116.5433359,3.443650904
-116.6574676,6.317659429
-116.6602476,-5.173616381
-116.4039418,2.92886316
-116.130969,4.855565989
-116.0029985,5.15961005
-116.1835761,3.034437769
-115.9339305,-1.217730805
-115.8675058,8.125810488
-115.7532794,5.2728744
-115.7556395,4.747740203
-115.7264616,-11.74799019
-115.6665403,3.914721838
-115.6062881,3.186703122
-115.5909978,-1.022006383
-115.3667494,5.383844573
-115.524443,4.726275018
-115.4391216,-11.80667579
-115.229137,3.385361824
-115.1893876,28.53888429
-115.3216538,-0.891153346
-115.1819777,-2.430460892
-115.291501,-5.054659074
-114.9423909,5.576158885
-115.0855991,4.517438857
-115.1496115,-6.101483372
-114.8383122,3.364685911
-114.9161408,-12.1405493
-114.6713208,4.020084023
-114.6540142,28.06305506
-114.6181302,5.60391559
-114.7023443,-4.43608108
-114.475699,7.939444042
-114.6180874,3.438892611
-114.51737,-12.20531494
-114.3591151,28.44371844
-114.3955498,4.027731279
-114.5139425,-6.006317526
-114.4011417,-11.71343592
-114.2284795,8.583796119
-114.2645935,27.7299746
-114.3202479,9.910170086
-114.1917775,5.877517395
-114.1741349,-1.069589306
-114.2226076,-6.418702856
-114.3163451,-5.5304883
-114.1786044,-7.500421296
-114.036469,7.816521492
-114.1195368,-12.14920074
-114.0179175,-11.61317191
-113.8378532,8.518964387
-113.927291,-5.945139483
-113.9468124,6.020266163
-113.8560866,-0.9744234605
-113.9100837,-7.552762511
-113.8168986,7.745147108
-113.8327235,-1.212338074
-113.7683012,-12.24761088
-113.6621514,4.122897124
-113.809093,-6.827122941
-113.5547185,6.281972237
-113.709332,-11.81143408
-113.5569639,5.78235155
-113.3135893,27.31659796
-113.4023504,-12.36656818
-113.2942279,4.442892279
-113.393636,-1.366982572
-113.1575457,7.673772724
-113.0879375,5.040851006
-113.1301958,3.663212104
-112.9265931,5.785920269
-113.1750814,-7.100724746
-112.8417206,6.186965002
-112.7723057,4.235906565
-112.7303002,4.884223886
-112.8829089,3.545954187
-112.5715032,7.599424407
-112.5557683,5.664187292
-112.7832548,-12.33484623
-112.4776382,6.739561343
-112.4881673,6.208898463
-112.4219909,4.365626676
-112.3256956,4.909431505
-112.3095771,27.82514045
-112.3155649,26.49281862
-112.1844321,25.22711287
-112.1686143,7.544902308
-112.1888198,5.767234059
-112.2204551,25.90992781
-112.1074274,6.580065858
-112.0772139,6.136674384
-112.0187412,27.3017283
-111.9389553,5.1880056
-112.095246,4.842588828
-111.9873052,7.114673383
-111.7856714,24.797677
-111.9360347,7.649981262
-111.8387508,5.738733871
-111.9263188,-4.685098375
-111.7001879,6.367885848
-111.6827875,-5.120255532
-111.5561099,5.203992455
-111.7534603,-11.52593655
-111.3863463,5.759353137
-111.3872422,26.46902715
-111.4950226,7.923583067
-111.3882046,26.254904
-111.2681125,4.825594928
-111.3468308,-5.311805119
-111.161387,6.956724515
-111.2829262,6.189185538
-111.1940698,-5.751748891
-110.9827667,5.928215866
-110.9905259,5.177499399
-110.88915,28.57060624
-110.9450718,-9.241956264
-110.8997713,26.20732108
-110.8468285,7.346171511
-110.8170724,6.553874652
-110.990705,-4.898692828
-110.9204363,-5.572519882
-110.9461767,-5.863568759
-110.6960792,28.0392636
-110.623428,6.15014812
-110.6069631,5.58541112
-110.6520544,5.216940189
-110.6719141,4.875302088
-110.560926,-8.93663251
-110.6443097,-9.368844058
-110.4497597,24.85913827
-110.4213132,7.631146356
-110.3913117,6.893443691
-110.4549871,4.366759602
-110.4704675,23.87575787
-110.5738996,-6.386980907
-110.553762,-5.5304883
-110.2359351,6.164714321
-110.2104408,5.62439542
-110.2127981,4.012606707
-110.1529983,4.814832124
-110.2760565,-8.975491897
-110.086981,27.65860022
-110.052348,6.97483246
-110.0136962,4.357243018
-109.9304696,24.42890935
-109.9409037,7.610328827
-109.9045403,24.76198981
-109.9055675,6.049835551
-109.8446355,5.473062553
-109.8514119,3.965278693
-109.8076479,5.004891912
-109.7552676,4.699840061
-109.8637885,-9.661280769
-109.6504598,6.99968132
-109.6220445,4.261680648
-109.5946144,7.517428835
-109.5270684,27.20656245
-109.4647578,24.76198981
-109.5109254,6.334908239
-109.4501893,24.3793438
-109.5281875,3.037609964
-109.4544224,5.316293817
-109.4829083,26.15973816
-109.3915588,4.806901636
-109.4763936,-9.668503177
-109.3086206,26.88537773
-109.286701,6.755422317
-109.2781648,4.150370597
-109.2000711,7.54750804
-109.1330808,6.144219676
-109.1556015,2.945351964
-109.0677074,5.468417553
-109.0649724,4.989699364
-108.938482,25.88613635
-108.9557449,8.042324088
-108.9870633,4.656817168
-109.1061403,-9.606758671
-108.888604,24.81721998
-108.9239156,7.217120857
-109.1640046,-6.172857756
-108.8649583,4.191155959
-108.7397491,6.681346339
-108.7720966,6.007452762
-108.5917956,24.38013685
-108.641758,7.516182616
-108.6581888,5.413470607
-108.6014109,8.189794704
-108.6322488,4.778153621
-108.6583029,3.058229231
-108.4738217,24.77718991
-108.448637,4.407271174
-108.4210631,4.200219373
-108.2968074,25.50547297
-108.3479923,6.868035234
-108.3959948,6.223539363
-108.2351116,8.427168998
-108.2385018,7.6728475
-108.3167615,7.293471879
-108.2504033,5.749519333
-108.2953068,5.302028381
-108.2251712,8.102019027
-108.4166524,2.463442698
-108.0869493,24.72273389
-108.0596429,4.802936393
-108.0300117,4.2299587
-108.0013012,6.691978421
-107.914811,6.175881742
-107.992203,3.400826273
-107.9517426,24.36348283
-107.8475742,8.650791305
-107.8695166,7.504211357
-107.8896313,5.565537697
-107.8749527,5.207391235
-107.8100076,8.181323898
-107.8711568,7.864104414
-107.7132643,24.87499925
-107.6488464,4.778157667
-107.6323543,4.219479128
-107.726024,3.914721838
-107.5797712,6.738156514
-107.5341808,6.009593993
-107.5575681,3.342735455
-107.5739838,2.951960703
-107.7342572,2.082779317
-107.4623278,8.904782584
-107.4712812,7.441145102
-107.480179,5.340510126
-107.4382327,8.150196736
-107.4574284,7.762141009
-107.2380426,4.755003293
-107.2603345,4.242845741
-107.2307424,6.94416791
-107.2257449,6.502892949
-107.259357,2.648223047
-107.1395369,5.75142265
-107.2106028,3.348485059
-107.3186398,2.14225797
-107.0623147,9.161758689
-107.0855315,8.707379543
-107.1478093,7.534989199
-107.0563248,5.368849479
-107.1105256,4.958147355
-107.0604917,7.936470109
-107.296934,-9.337122109
-106.9604857,8.443029973
-106.8628478,4.449951284
-106.8060771,6.376345034
-106.8391169,3.736285878
-106.8144618,2.879793271
-106.7882474,3.276317626
-106.7067179,9.308894973
-106.7019767,8.881189385
-106.6806066,5.783673298
-106.7188972,5.116275603
-106.6962015,4.729862619
-106.6924337,21.87727512
-106.6897483,8.142598403
-106.5901332,7.49137152
-106.4946997,6.074457825
-106.5716334,2.003474446
-106.4952742,6.723247198
-106.4383086,8.655170503
-106.3430512,7.199076424
-106.4526544,4.557091293
-106.4596313,3.004698443
-106.4611728,-11.83522555
-106.4310057,9.374069158
-106.3714983,9.023938153
-106.3368843,4.947006909
-106.2945073,5.574459495
-106.215785,7.558214197
-106.1651331,6.195529928
-106.1319507,2.524903973
-106.1462074,2.070883586
-106.3659382,-8.766127038
-106.0847469,8.497750334
-106.0610465,6.68750851
-106.0721825,3.440906703
-106.2084199,-11.77178165
-105.9475087,7.14084399
-106.1598938,4.461925448
-106.0378568,9.870517651
-105.9094648,5.820417888
-105.9782639,5.009129058
-105.8201686,7.568209129
-105.8940248,3.819555992
-105.8261933,2.603429957
-105.7852287,22.59101896
-105.6584085,8.526564437
-105.686514,6.501193559
-105.8591138,6.1511192
-105.7380748,22.21035558
-105.6510378,3.522162726
-105.5574161,7.138464844
-105.6435067,-8.93663251
-105.6488993,20.30703868
-105.5647054,10.04683881
-105.5337322,7.877982767
-105.7339047,-9.479870877
-105.3158025,7.441522744
-105.5068673,4.795005906
-105.4016888,20.94940813
-105.4091913,2.970993872
-105.5962922,-11.47835363
-105.261283,10.25299371
-105.2861202,8.609669333
-105.3040181,6.801815667
-105.5062079,-7.743094202
-105.0957122,21.62032734
-105.3094125,19.73604361
-105.2265991,5.544436937
-105.3810522,3.795764531
-105.438364,-8.956458728
-105.0860937,7.813877996
-105.3869331,-8.385463657
-105.1813469,-10.79180003
-104.9871374,7.427927624
-105.0903945,6.856932552
-105.0537014,5.96078751
-105.166828,2.534817082
-104.8878741,10.24027661
-104.8866871,8.692273853
-104.8809772,8.315400627
-105.0177924,-7.794642368
-104.807218,6.441375028
-104.8607909,21.70280441
-104.9003175,-8.837501422
-104.8289222,-11.59051337
-104.6764166,19.23642292
-104.6413687,7.798481812
-104.6416036,10.67347947
-104.5620449,7.407017033
-104.6157518,6.912049438
-104.6320071,3.748181608
-104.6047799,2.557928787
-104.5652895,2.284213689
-104.5164966,10.24155115
-104.4836232,8.547259232
-104.5553954,-11.82332982
-104.3711415,21.9258097
-104.5583714,2.011404933
-104.5600466,-9.234025777
-104.4515178,4.041609631
-104.5080615,-8.539711631
-104.3115731,7.998393996
-104.5011666,-7.005558901
-104.2015713,7.46726284
-104.1722297,6.38506857
-104.1903357,2.356381122
-104.2464713,-10.13413606
-104.0646816,24.87882287
-104.090842,24.49433587
-104.2518175,10.4216865
-104.1857849,8.805294623
-104.1246135,8.437138754
-104.1771839,21.59177759
-104.0284512,22.06760681
-103.9939679,18.86765527
-104.0485226,-11.90999871
-104.0403333,-7.757963865
-104.1439926,-9.077398657
-104.1044321,-12.2349221
-103.9315104,5.583098062
-103.8409815,11.22940662
-104.0594595,-6.577312598
-103.8985552,7.47947579
-103.8041939,6.730044759
-103.7499172,5.95738873
-103.8994569,-10.11748204
-103.934122,-11.30705511
-103.6490681,24.93745183
-103.8431146,8.94265066
-103.708325,8.490612895
-103.8955435,8.14960195
-103.6638905,21.63936051
-103.7352629,22.06760681
-103.6008939,19.34744974
-103.7232232,-7.871568093
-103.7173827,-12.00837451
-103.6260925,2.86789754
-103.4588619,18.33234739
-103.465812,11.3495535
-103.3780266,7.324831291
-103.5387883,5.984578971
-103.5643968,5.722872897
-103.6352881,-10.05086595
-103.3317615,8.558517691
-103.4948421,4.890171751
-103.5072454,2.13036224
-103.5739132,-7.267264976
-103.1770051,24.87160047
-103.3821967,24.51812733
-103.215964,21.63936051
-103.4785361,3.082020692
-103.2038814,6.20663261
-103.3026177,-6.70221777
-103.1856686,19.31969303
-103.0756962,22.04381535
-103.1318293,11.88372845
-103.1467479,8.046505617
-103.262512,-12.27536758
-103.1412336,11.34445532
-103.2964666,-10.76989678
-103.1771324,-11.39904876
-102.9956557,7.235216787
-102.9399817,8.750336348
-102.9220693,8.288024997
-102.8750693,6.884689257
-103.0418634,2.390085692
-102.81822,24.97036335
-102.8938257,24.45666605
-102.9971955,5.080503441
-102.9553521,21.63936051
-102.9639061,19.73604361
-102.8972384,6.301005406
-102.8155477,5.631672295
-102.8031337,12.01809356
-102.9362037,-12.15442765
-102.8996086,-9.448148929
-102.8070701,-10.60316773
-102.8195337,-11.56426724
-102.8134092,4.295385218
-102.7651326,9.600881089
-102.6374161,8.11867305
-102.5997838,7.250284712
-102.6714485,3.264421895
-102.6245619,19.13332659
-102.5073899,18.02305839
-102.5218125,8.541246005
-102.5673214,6.500060633
-102.4830645,24.52288562
-102.6925662,-6.870740621
-102.3784096,24.97656613
-102.464614,5.795569028
-102.3526011,12.23554751
-102.6024997,-8.575795347
-102.5609415,-10.2015452
-102.3700779,-11.22400128
-102.4294951,2.737044503
-102.1896853,12.60540277
-102.2143086,17.99926693
-102.1631466,8.724992777
-102.1526052,8.171127558
-102.2289929,3.859208428
-102.2565618,3.161325563
-102.4102486,-9.289539187
-102.3259561,-12.27933282
-102.0670372,7.277248369
-102.0510361,6.609325122
-102.2170797,-9.799072983
-101.906133,24.95826936
-101.9379304,24.35498588
-102.0335994,12.90525072
-102.0063632,6.28065049
-101.9719275,19.37917169
-102.1467854,5.841830203
-102.0853927,-10.39782476
-101.8510309,9.130999729
-102.1372691,-8.349776465
-102.1728751,-10.83598417
-102.0050207,-11.54179752
-102.0554982,-11.90065206
-101.9683633,-8.821640448
-101.7978572,8.458890947
-101.7501579,7.112294237
-101.8692082,2.368276853
-101.5600881,24.94042577
-101.6967382,24.43485721
-101.772548,13.00306006
-101.6606681,6.36619401
-101.8521893,-10.15396228
-101.5573508,19.56950338
-101.6682427,9.029886018
-101.6399995,-11.86758193
-101.6051035,17.64239501
-101.4586757,6.732688254
-101.294187,19.41247973
-101.4583108,8.367123882
-101.6285201,-9.313330648
-101.3569128,7.630155045
-101.5619593,-10.81219271
-101.5435325,-12.14847979
-101.3540436,2.832210348
-101.2166391,24.34497836
-101.4696295,-6.577312598
-101.1129706,24.94161534
-101.2507185,9.513645731
-101.0218812,22.37689581
-101.0523132,6.54500006
-101.0895457,7.321130397
-101.1986435,-11.5174396
-101.1074746,19.64087776
-101.1782233,-6.973836953
-101.0541547,-8.361672196
-101.0785336,-10.16189277
-101.0100303,-2.167961769
-100.7947191,7.685668454
-101.0503767,-11.14527317
-100.9325454,-12.10882735
-100.8235888,6.69832281
-100.4962914,22.44232233
-100.641656,9.125051863
-100.5059682,17.57102063
-100.6592451,3.399240176
-100.4973607,7.526265664
-100.584362,-5.308434662
-100.5164468,26.11215523
-100.5304362,-7.288790583
-100.471966,19.70035641
-100.588835,-6.303710793
-100.6102378,-11.0659683
-100.4256497,-11.67265056
-100.1660002,22.54343604
-100.1738057,19.25341682
-100.2993356,9.184530517
-100.2505244,3.736285878
-100.2620723,17.47585478
-100.3158555,-5.363948071
-100.3214691,-6.61299979
-100.0585467,7.621431509
-100.0204753,16.86917252
-100.1542384,3.41510115
-99.77848878,26.44523569
-99.96385851,18.59405346
-99.73165055,25.99433085
-100.0498797,-11.41887497
-99.65267118,22.59894945
-99.71605987,19.36727595
-99.70164638,12.7889369
-99.89975698,-5.197407842
-99.94359623,-9.515558069
-99.6028976,28.23752578
-99.59288229,22.31146929
-99.6682644,8.256663526
-99.69756185,2.82507291
-99.62219711,7.634219419
-99.71509754,3.272352382
-99.63436918,-6.723460146
-99.55716935,16.6669451
-99.77946638,-11.05010732
-99.41523,26.5039213
-99.34437082,25.96147598
-99.46213977,2.475338429
-99.66548435,-7.433805205
-99.66072619,-11.81143408
-99.38614284,27.53964291
-99.28509279,19.21791845
-99.40307857,12.89864198
-99.57523967,-9.099207496
-99.25317599,8.198439807
-99.23384966,7.838937256
-99.39458991,-6.957975979
-99.26430183,16.59557071
-99.09675802,8.57218362
-99.3418759,-6.101483372
-99.16817627,27.11139661
-99.0032674,26.52680642
-99.08719842,7.075020948
-99.27691897,2.915480463
-98.95360456,25.92777141
-99.23029968,2.415859775
-98.96628409,19.48226802
-99.11720157,-5.037212003
-98.91621825,22.28648826
-99.04271763,-7.491301236
-98.88637192,19.14205012
-98.94331304,17.34500174
-98.86652946,8.084432518
-98.75197078,16.42903048
-98.72370837,8.583082375
-98.84116404,2.01933542
-98.63356155,26.4667613
-98.68334277,22.63860188
-98.59798099,19.88672286
-98.78584818,7.078986191
-98.8368514,2.97892436
-98.77307065,0.8614843035
-98.78153554,-6.458355291
-98.62035504,13.09624328
-98.88268657,-7.219682053
-98.86317276,-8.314089273
-98.53814755,25.95156287
-98.60829569,1.645016429
-98.70952157,-6.743852827
-98.40751196,22.40068727
-98.42614981,8.217316109
-98.6195442,7.840312953
-98.60644589,5.318418055
-98.57941169,-4.975354203
-98.33758302,16.21490733
-98.29841284,8.621465932
-98.21804535,26.50372304
-98.32127696,7.158291062
-98.16220467,22.61956872
-98.40013414,13.16960029
-98.34036307,0.3745523954
-98.26337867,1.315813098
-98.08860607,25.94846998
-98.36474197,-11.57351947
-97.89483341,22.31146929
-97.93494828,8.725937961
-98.10385571,8.420824609
-97.99065898,0.9896938449
-98.04421652,-0.05448695676
-97.82711871,26.50570566
-97.86875263,22.67825432
-97.89263254,17.36482796
-97.94752069,16.02457564
-97.83198062,6.008370432
-97.68657792,25.93541867
-97.70967053,20.02054983
-97.71271344,24.7798334
-97.53407744,19.22452719
-97.57279854,8.796729697
-97.77765254,-11.41490973
-97.59830371,28.49130137
-97.52290378,7.213804472
-97.52739463,0.7782141889
-97.4640487,27.92030629
-97.6466338,6.864863039
-97.54580354,2.118466509
-97.5645368,1.212011833
-97.50549283,27.39689415
-97.37912532,26.52057532
-97.5032474,6.1511192
-97.27467234,25.94561501
-97.35750865,22.26983423
-97.27817032,19.98981919
-97.394077,16.85132892
-97.40947419,27.01623076
-97.43428079,21.49661174
-97.20922153,22.64653237
-97.38600416,15.9294098
-97.38695579,-0.5913809335
-97.46384555,-12.26347185
-97.20098474,19.04291903
-97.18447858,8.736457995
-97.03654659,28.44966631
-97.24138812,20.92561667
-97.03226068,18.53060957
-97.07006758,7.400170919
-97.27416063,2.760835964
-97.15873512,1.261973902
-97.26036731,0.3935855645
-96.99154722,26.5023352
-97.11461074,2.01933542
-96.87655415,25.99451968
-96.92986219,22.28767783
-96.97245041,19.87879237
-96.90575061,19.49812899
-96.85913607,22.62168351
-96.8133407,18.31450379
-96.9068555,8.379586076
-96.8828152,19.16504853
-96.66172999,28.49130137
-96.69354017,8.728527508
-96.92034587,-0.05845220031
-96.61352464,15.65977323
-96.68992699,7.720364335
-96.55678089,26.47348805
-96.8342178,2.796523156
-96.55917111,25.94164976
-96.59983824,22.32931289
-96.5267372,19.95583139
-96.4498225,19.46640704
-96.34661296,7.396910607
-96.422022,18.40372177
-96.40764059,16.16732441
-96.27966265,7.796833743
-96.17081958,26.45792447
-96.18803807,22.62670615
-96.41239875,9.672255473
-96.32081751,2.86789754
-96.50510271,-10.95494148
-96.17017192,20.07841406
-96.01912868,28.31683065
-96.19257525,25.96623427
-96.06279684,22.22463046
-96.26174146,21.44902882
-96.13457201,2.629982927
-96.32429257,2.094675048
-96.02614295,19.50764558
-95.8813594,19.10477683
-96.09894817,8.744388482
-96.03940284,7.496658512
-95.90672825,8.023705467
-95.94609891,26.44523569
-95.77991076,22.65049761
-95.82582359,20.58913743
-95.86787565,6.572567943
-95.94492274,15.83424395
-95.69268671,28.4675099
-95.82080066,2.679548472
-95.73709622,22.21035558
-95.83029916,19.59329484
-95.83088725,3.153395076
-95.56604655,18.59127779
-95.5145586,19.17496164
-95.53640516,2.354001976
-95.3614153,20.63218865
-95.30871911,19.67259971
-95.44617117,7.209839228
-95.47252818,6.781592925
-95.16760486,28.41992698
-95.22507704,18.35019098
-95.40634161,16.07215856
-95.28808259,8.214178773
-95.32125606,7.822469357
-95.29654748,18.75662845
-95.08588745,7.642050775
-95.09823728,19.39106742
-95.04513304,20.33438753
-95.00790859,17.74435842
-94.87624617,19.85830528
-94.91138588,28.3485526
-94.86036556,8.170062607
-94.97849913,2.542747569
-95.11438296,-11.38318778
-94.86326964,17.30931455
-94.75908016,7.874017523
-94.68743151,18.37993031
-94.65070278,18.00946327
-94.56575017,19.36029713
-94.34912087,28.41992698
-94.56218315,8.194012678
-94.45315888,16.14353295
-94.49772877,11.66280774
-94.54837557,11.26628338
-94.58622702,2.844106079
-94.30537786,19.66942751
-94.24597391,18.7526632
-94.2489589,18.08848491
-94.17647663,19.1152627
-94.08000139,28.50081795
-93.92706461,20.24747191
-93.91126308,17.11898286
-94.13061967,6.365242352
-93.85392328,18.22811813
-93.92623852,19.22320544
-93.92778299,18.879551
-93.79252289,16.3576561
-93.69367074,11.17111754
-93.53316566,28.40089381
-93.70174358,20.24756002
-93.63138694,19.59329484
-93.51425063,18.47509616
-93.32413801,17.28552309
-93.40160516,16.3576561
-93.13262468,28.36758577
-93.10711594,18.45923518
-93.10649221,16.7859024
-92.9654047,15.56064215
-93.01581983,15.21566596
-92.7854856,28.41199649
-92.70217831,18.21339008
-92.88398133,11.9324443
-92.71347876,6.379517229
-92.60929106,18.68921931
-92.71364984,17.21414871
-92.38237843,28.40604863
-92.40034437,15.47737203
-92.39592226,6.365242352
-92.26930526,14.60501845
-92.16137162,15.0634006
-91.9522825,18.09621713
-91.90436521,15.55554398
-91.95485671,28.39613552
-91.8135859,18.66882663
-91.82631507,6.258180776
-91.77160957,14.80625456
-91.71782185,14.08953679
-91.73421702,17.68997793
-91.711442,1.012163558
-91.4364951,18.69873589
-91.4301892,14.66548841
-91.36179731,6.325589916
-91.26910863,17.1121853
-91.28670033,15.78666103
-91.11608371,13.88334412
-90.9133183,19.13332659
-91.00285015,6.460408197
-90.97916627,14.44839133
-90.82957822,17.8327267
-91.003064,17.28552309
-90.81687706,16.77570606
-90.83909455,15.71528664
-90.88753156,-0.4985942344
-91.08753474,-12.38242916
-90.88213185,0.7028745614
-90.67637255,13.86748315
-90.51189341,20.02154114
-90.81428795,-11.38318778
-90.51622438,15.33009156
-90.6255119,14.31159043
-90.45589833,17.88030962
-90.5303754,16.45282195
-90.61749252,16.09595003
-90.40118329,20.73528498
-90.56285386,6.50799112
-90.39990019,21.02078252
-90.34550211,5.942943914
-90.47501499,-1.129067959
-90.09660748,17.8327267
-90.01514847,16.02457564
-90.14798494,15.46151106
-89.900216,19.85235742
-89.9913042,14.0816063
-90.07939256,10.79045415
-89.93969507,18.31648641
-89.83009188,17.33423894
-90.02828242,0.4173770258
-89.61090076,16.40184024
-89.67537652,13.70490816
-89.64046552,21.47282028
-89.78625773,16.21490733
-89.63006706,15.63201653
-89.53749676,19.92042743
-89.76711816,-1.271816727
-89.64158823,26.65935884
-89.5481358,20.27135148
-89.52961995,17.14277432
-89.50175709,14.2818511
-89.63699046,5.936996048
-89.66926041,-12.11596479
-89.34936226,15.57253788
-89.13569051,19.62501679
-89.18037496,17.44866454
-89.15105919,16.20539075
-89.28076988,14.52571358
-89.03924417,14.99044012
-89.08958802,13.57405513
-88.98749248,19.98188871
-88.86941879,17.98499205
-88.82875641,15.4350761
-88.76237467,17.26173163
-88.81513536,16.65372762
-88.70521054,16.19607243
-88.69136375,15.19980498
-88.66780461,13.19339175
-88.61174028,19.3256409
-88.59206609,26.42144423
-88.63349952,13.94044363
-88.41755383,18.49888762
-88.38889526,17.26470556
-88.41685525,16.4797856
-88.35493618,15.76022607
-88.26488634,19.85024262
-88.47001122,15.52495495
-88.39524393,13.13391309
-88.23221006,14.07367581
-88.26867148,16.83348533
-88.2276212,-12.08701851
-88.06487247,18.68921931
-88.1664512,17.8327267
-88.00145068,17.26852919
-88.2006672,-11.52593655
-87.92708181,20.3546216
-87.90480578,19.87482713
-88.00862993,14.89448123
-87.80375149,20.87350204
-87.77546219,14.22435507
-87.84711975,18.21339008
-87.73565046,15.83424395
-87.71468524,13.25066749
-87.69229238,17.32715815
-87.67374089,18.73680223
-87.68909799,-11.86199094
-87.49248167,19.9263753
-87.51193667,19.40296315
-87.62893933,17.8327267
-87.54692787,25.20807971
-87.41134699,20.94544289
-87.63594291,-10.90735856
-87.41813673,15.81045249
-87.47844242,13.26476613
-87.36315056,6.299815833
-87.37449352,12.83651983
-87.32725049,14.28779897
-87.28342907,18.60198395
-87.29894389,-12.03190163
-87.03445782,21.81065903
-87.06469621,20.15635942
-87.07277973,19.80741799
-87.02849141,20.96368301
-87.05282753,15.54874642
-86.93684244,13.08712322
-87.09773602,5.556332668
-86.87467626,16.04678101
-86.8374959,12.20434671
-87.03625416,-13.38167053
-86.6755962,20.65796273
-86.74990906,19.88830896
-86.75698393,21.57591661
-86.73433366,21.17939226
-86.7021136,13.85162218
-86.74466974,13.44320209
-86.65421121,6.389033813
-86.44089587,15.79855676
-86.57701137,12.69377106
-86.57872217,12.31310768
-86.48377279,11.69452968
-86.41881586,20.71149352
-86.22420171,17.26173163
-86.11263618,13.81672803
-86.04698424,16.46471768
-86.09089477,15.75493908
-85.97746162,11.27579997
-85.98210217,10.24325054
-85.90183358,10.70718404
-85.83525496,12.83651983
-85.95599109,20.40220452
-85.81962355,13.46699355
-85.7467785,13.7978711
-85.84513661,12.44990858
-85.64948503,17.15251749
-85.77924409,16.23869879
-85.60992839,15.85803541
-85.61912394,11.09379529
-85.47053131,10.37353712
-85.760853,-12.28726331
-85.38170771,12.87908011
-85.40610561,14.09482378
-85.52282017,13.49475026
-85.33473022,17.29147096
-85.2112289,6.71682728
-85.15843766,10.85231195
-85.11669415,15.79141932
-85.10613154,10.1683515
-84.98767846,12.96737286
-85.05383937,14.55521499
-84.79898133,12.23946744
-84.80918285,6.863082726
-84.69523864,14.61294894
-84.74242311,10.84483464
-84.80649409,9.79121278
-84.68989239,15.802522
-84.6943476,12.99909481
-84.70639448,10.31859017
-84.70475497,16.11974149
-84.43487632,11.92163
-84.41183398,12.43603023
-84.5435715,6.681140088
-84.31521934,14.60413729
-84.3868059,10.75646635
-84.31111065,22.16277266
-84.35654783,10.24060705
-84.20015816,14.23228556
-84.20213628,15.60425983
-84.12543542,12.9962625
-84.24315983,-11.64489386
-84.13612792,12.17035891
-84.19760979,9.362966476
-83.90418982,14.85086355
-83.9956285,10.81424562
-83.86527447,15.35524253
-84.19333279,-11.4307707
-83.82170433,10.37172444
-84.03834503,6.745905733
-83.82604548,15.9294098
-83.88524628,13.62956854
-83.76324951,12.98881036
-83.74809717,11.52798946
-83.59829527,23.11443111
-83.72197183,11.90468759
-83.59773213,12.36703499
-83.52374539,15.23866437
-83.56207443,14.8647419
-83.62916095,1.749698859
-83.58038534,10.79045415
-83.49150395,8.821710732
-83.53558377,-11.85901701
-83.44025506,13.23531004
-83.36252569,10.33841639
-83.24476565,22.04381535
-83.30127318,14.3028543
-83.42009588,13.83774382
-83.32996449,12.92375518
-83.3159064,6.214563097
-83.3317313,11.75400834
-83.21985658,14.90142041
-83.23247284,6.657877326
-83.17501492,8.569917766
-83.07055634,12.24173329
-83.21389997,10.79045415
-83.22908331,7.412066649
-83.16840339,-11.70437251
-83.19569599,-12.3407941
-83.05251453,14.0816063
-83.05828848,12.79686739
-82.89904867,15.61060421
-82.83871684,14.53787366
-83.01448488,6.234389315
-82.96369551,1.22628671
-82.92017705,21.78210928
-82.81729739,10.24325054
-82.7804261,9.386757938
-82.90830837,8.113914758
-82.64600001,28.42468527
-82.83281934,8.601639715
-82.5862931,22.1389812
-82.54442739,10.64090783
-82.52450116,22.84082931
-82.45299508,27.87867124
-82.65561791,-11.76979903
-82.19689371,21.80114245
-82.2970539,8.213045847
-82.35408056,6.3969643
-82.23024361,28.51509283
-82.16172252,27.45240755
-82.27745099,23.44751157
-82.24855451,10.84993281
-82.16901164,10.12552687
-82.24364131,9.224976001
-82.02628421,24.97016509
-81.85402807,27.0558832
-82.01217011,6.365242352
-81.68205706,21.8296922
-81.92283429,9.933961548
-81.83320027,8.132683577
-81.73959458,9.027242522
-81.81275503,7.24552642
-81.56372675,26.41351374
-81.43131798,25.06929618
-81.62253549,22.38879154
-81.69139517,12.50343937
-81.59612502,22.82893357
-81.44755157,8.772409537
-81.32635329,28.49130137
-81.38728271,7.685668454
-81.44717852,23.35234572
-81.58334748,-12.38242916
-81.45517413,-0.1721225154
-81.25947172,0.658690419
-81.28411792,27.01623076
-81.34570671,13.31234905
-81.16575197,26.17163389
-81.24402106,25.06533094
-81.171697,19.41247973
-81.13970505,9.134568448
-81.18910938,-2.945466725
-81.27941322,-4.555038387
-80.9993767,8.827658597
-81.09071202,-3.884119178
-81.06620571,7.54866929
-80.89888861,25.75052502
-80.88448581,23.51888595
-80.91361879,0.7275723641
-80.89108121,0.3059725641
-80.8781309,-1.040775203
-80.9053484,-1.781293877
-80.85846835,-3.310164336
-80.7968362,-3.731140082
-80.98932575,-5.244990765
-80.81127784,7.190013011
-80.76076292,-2.228233471
-80.63222687,8.975505535
-80.89608717,-6.24423214
-80.51821429,23.47130303
-80.61794678,-0.07887320459
-80.48002069,25.44599432
-80.66962006,0.6552916388
-80.54537324,-0.6928911684
-80.52652389,-1.676271569
-80.40005823,-3.393662609
-80.44577262,-3.900773201
-80.28800481,28.4853535
-80.22911142,27.99861985
-80.38029443,-0.2041749008
-80.3777556,-1.192511856
-80.35025297,-2.580347099
-80.26442785,9.267800631
-80.11197065,23.25717988
-80.07659885,22.32591411
-80.05744782,22.7040284
-80.14468969,8.728527508
-80.16578956,25.77907478
-80.28982253,-1.819020337
-80.06479869,-0.07294107436
-80.06613547,26.20732108
-80.01141216,-3.295082249
-80.2126227,-6.386980907
-80.00700596,28.49130137
-80.01021371,27.77755753
-79.96057824,0.7673097691
-79.96432418,-2.784358879
-80.01928444,-3.752343615
-79.87347671,9.275235463
-79.97405168,-1.143342836
-79.96396866,-2.316941634
-79.78535048,19.82327896
-79.83518821,0.3983438567
-79.78025372,-0.7880570136
-79.83635369,-4.210062198
-79.67324557,23.02190876
-79.70048768,22.39672203
-79.69713737,10.4573737
-79.6680805,8.768179944
-79.64775941,-0.3011251056
-79.5880989,-3.335343632
-79.7112277,-3.550510021
-79.48282407,9.216252465
-79.47589889,0.6610695651
-79.50959095,-2.175892256
-79.49013061,-4.369464989
-79.31208333,22.74353922
-79.55685179,-1.819020337
-79.25343434,22.20242509
-79.33821694,8.774127809
-79.28022261,1.020094046
-79.41241142,-0.745005798
-79.28615116,-0.02722590735
-79.18459247,21.21111421
-79.18485979,10.27893774
-79.25236955,-4.742396145
-79.21055962,-3.384864513
-79.16208477,26.21921681
-79.08823597,9.256309517
-79.17126843,-1.193833604
-79.09351912,0.7028745614
-79.0888768,-2.79447025
-78.83524183,22.83488144
-78.89035275,8.760249457
-78.97411065,8.244767795
-78.93207577,1.288739296
-78.81851104,1.79199479
-78.85361511,-0.2805058392
-78.95882038,-4.662099963
-78.63789422,22.47851934
-78.72140415,20.98271618
-78.69425234,8.902998224
-78.7739364,-3.753266141
-78.72251617,-1.010110652
-78.68193814,-2.853948904
-78.55578449,21.59177759
-78.67115654,10.41772126
-78.62597147,0.9008195195
-78.74096073,0.3222111806
-78.45995119,18.27048959
-78.57779825,2.196651041
-78.6885568,-4.326640358
-78.4922461,1.299247191
-78.47327404,27.26604111
-78.45135442,-0.4748027731
-78.29315891,22.49287918
-78.36212553,8.506473869
-78.33111728,20.84234656
-78.49025135,-3.693258789
-78.22677632,18.68921931
-78.39657319,2.653774388
-78.15134966,22.78729852
-78.21697487,8.185289142
-78.33152716,-0.9942496783
-78.43638493,-2.580347099
-78.26348723,25.01774801
-78.29310545,-3.317882399
-78.24498921,18.260973
-78.12026657,1.434461997
-78.1029171,0.9457457289
-78.14415895,-2.79447025
-78.09000145,25.56495162
-78.03629202,-0.5388131333
-78.05626662,27.63480876
-77.97596596,7.447753841
-77.96707337,2.177945162
-77.84348591,22.42844398
-77.83242987,18.72728565
-77.89017648,15.66373848
-77.80117035,8.286402852
-77.67892837,24.61329317
-77.70077161,18.19979496
-77.74067754,27.18277099
-77.57451256,26.10105255
-77.60878558,22.09932876
-77.64864721,16.12925807
-77.85717231,1.261973902
-77.89801765,-2.390015408
-77.51702256,25.84569087
-77.71919275,2.606984515
-77.8158458,-0.4153241199
-77.63226155,24.12424647
-77.73068006,2.225528085
-77.59873463,0.7782141889
-77.745008,-0.9625277299
-77.52800376,20.14049845
-77.42442018,18.7249065
-77.50099629,-3.750093946
-77.41583945,17.91599682
-77.52201596,-11.14527317
-77.31677346,18.21339008
-77.33531425,3.215252875
-77.1609303,25.70770039
-77.3486371,21.99623243
-77.2169819,15.56574032
-77.32158508,6.270076507
-77.33487942,-0.3122277876
-77.45951831,-2.675512944
-77.26377609,2.823883337
-77.22556645,0.4530642177
-77.06450179,27.23035392
-77.0612281,26.14665285
-77.2167986,7.840312953
-77.14271147,-1.044476097
-77.04935408,26.97657833
-77.02871756,18.62464248
-77.15699643,-3.564015881
-77.00359019,8.165462924
-77.05765859,17.88030962
-77.13724642,3.795764531
-77.01753117,2.474771965
-77.03903277,-3.862706863
-77.23043154,-11.50214509
-76.90167286,18.15787667
-77.12441542,1.214390979
-77.01332036,20.49737037
-77.00027552,-11.93633926
-76.8234216,25.78383307
-76.86422061,15.6185347
-77.06902828,-2.770678789
-76.69463046,26.17163389
-76.94563685,2.939271924
-76.96370717,-1.081485036
-76.8127291,21.63936051
-76.70371908,18.71301077
-76.75390566,-3.326506804
-76.76846216,6.119397252
-76.63096234,2.28373786
-76.65805855,1.691013254
-76.68851792,0.3499678854
-76.63798873,-3.809969124
-76.65148623,24.89879071
-76.61641484,18.20545959
-76.58642238,1.321452555
-76.65104427,-3.996732095
-76.60260013,-9.889084011
-76.61161085,-11.27272743
-76.47634311,25.81476197
-76.50166295,-2.651721483
-76.48380648,-7.376705698
-76.45378194,-10.84391466
-76.32370007,15.51135983
-76.19639213,26.1311884
-76.21578476,18.55440103
-76.3287816,-3.326277386
-76.28227427,20.06912406
-76.24046661,2.189840893
-76.3193713,-0.8700053804
-76.33370519,-2.24726664
-76.30195322,-12.09534552
-76.19801739,24.31986515
-76.22372521,0.4785550691
-76.24355585,-3.933882985
-76.21031376,25.20807971
-76.21410196,-9.806153775
-76.09830984,1.202495249
-76.17149999,-11.45852741
-76.01396386,18.15787667
-76.1411333,-5.60781055
-76.2751103,-10.95494148
-76.13621475,9.077468941
-76.02290991,1.670393988
-76.096902,-7.544832024
-75.79469636,26.04417963
-75.77911205,15.14429157
-75.8381879,-3.134776264
-75.89527198,-12.21209992
-75.71551842,21.13973982
-75.85834346,0.2329932007
-75.83466849,-1.747645953
-75.95048606,-3.960251854
-75.9589866,-5.851673028
-75.86198782,-9.638480619
-75.69808964,25.01774801
-75.64307674,15.51305922
-75.78083176,1.1707733
-75.74825528,-11.51404082
-75.70919202,6.238354558
-75.64980589,-0.1187239023
-75.56197414,22.68618481
-75.76596919,-6.394911394
-75.79597946,-7.636032626
-75.39535295,26.05505573
-75.44520137,10.61439734
-75.51013558,1.602489192
-75.51168503,-3.402002209
-75.3526685,25.76717905
-75.40857244,15.14032633
-75.4812636,-2.846018417
-75.54797291,-1.380200051
-75.62083635,-6.720061366
-75.60271256,-8.123757583
-75.4716429,-9.248187361
-75.26365345,23.82817495
-75.39886009,20.92561667
-75.53069859,-8.409255118
-75.32201964,-0.03135636938
-75.30999117,-11.48945631
-75.47488375,-12.29915904
-75.25264018,15.40599765
-75.1868724,10.10644964
-75.21650844,-1.01804114
-75.44483783,-11.05010732
-75.33652282,2.177945162
-75.2048554,-9.841501089
-75.10239989,10.78093757
-75.08539169,3.692668199
-75.13627907,3.242613056
-75.10439297,1.639306478
-75.10917358,1.119225134
-75.19418458,-3.428747372
-75.21368741,-11.80667579
-74.95496103,25.91884961
-75.22639009,-0.4985942344
-75.1379364,-2.562503503
-75.24066458,-3.674754319
-75.29439438,-10.19361472
-74.89777399,20.06912406
-74.99340056,24.16125541
-74.97292443,-9.337122109
-74.94795745,23.39992865
-74.85935941,14.84451916
-74.87762754,6.430668871
-74.96805934,2.618087196
-74.79278701,-1.269500521
-74.94129245,-5.016989261
-74.78147525,6.079744816
-74.80129201,-0.1417223149
-74.8129112,20.83045083
-74.72680094,10.99664682
-74.73772511,10.37806883
-74.74296698,3.77537185
-74.72151484,3.112255674
-74.85183189,1.297661094
-74.71313276,-1.667107451
-74.65530377,15.12644798
-74.85086956,1.511784246
-74.70784287,-2.627441991
-74.74537738,-9.808193043
-74.63643152,22.04381535
-74.60109281,-8.147549044
-74.38460537,14.65260137
-74.37732556,6.305763699
-74.44779357,-1.21927725
-74.63605728,-5.054659074
-74.57314975,-9.178512367
-74.44414476,-0.4073936328
-74.40758942,-1.891762948
-74.38582838,-2.964069382
-74.34137203,6.1511192
-74.34361746,3.47695895
-74.42937129,2.879793271
-74.32287401,10.26704201
-74.15123269,18.55836627
-74.25952096,10.77261056
-74.23793993,3.795764531
-74.21794496,-0.8158137185
-74.36404013,-9.765368413
-74.11982347,-7.977043571
-74.02166634,22.92409942
-74.07737426,14.87782721
-74.03858346,-1.377380322
-74.26353065,-9.146790419
-74.04813027,22.47206166
-74.05967817,-1.842811798
-73.99691321,-3.197843662
-74.01329055,-7.83032956
-73.96168143,6.371190217
-73.92221083,3.116008494
-73.8524041,2.598260979
-73.91632741,-2.564486124
-73.76207922,18.16580716
-73.86695184,10.23399831
-73.85593262,-1.086243329
-73.74767108,18.65353212
-73.90971589,15.21566596
-73.90383501,5.651498513
-73.8387177,-7.041246093
-73.78249425,-8.122058192
-73.829736,11.26628338
-73.90383501,-5.221199303
-73.72837112,22.94789088
-73.61369408,10.40979077
-73.67123754,-0.581864349
-73.55652708,-1.333773657
-73.74743941,-3.04031535
-73.62262231,-7.88584297
-73.62882396,23.35234572
-73.60850822,6.127327739
-73.55215875,3.133002395
-73.58680448,0.08384339683
-73.62342425,8.244767795
-73.67373246,2.487234159
-73.50575581,-2.540456748
-73.46709993,21.28248859
-73.55404776,18.24511203
-73.4247517,3.523484474
-73.40583192,18.60594919
-73.41120413,0.3249302047
-73.38230248,3.908113098
-73.53045298,1.749698859
-73.3745029,-7.041246093
-73.30812031,14.97775134
-73.48463563,-4.364706696
-73.16728229,22.75755919
-73.2715876,10.4216865
-73.27794964,19.87879237
-73.23170459,6.611087452
-73.37092091,-0.8078832314
-73.228978,-1.842811798
-73.26100203,-3.532005551
-73.25403663,-8.195131966
-73.12922769,6.217735292
-73.32039886,-0.4391155812
-73.20638221,-2.251458469
-73.24171277,-7.938184184
-73.24357326,11.21870046
-73.04959607,3.122806054
-73.11435442,1.916239088
-73.1530078,-1.248025266
-73.1731097,-5.720819991
-73.09801272,-7.132446695
-72.81943751,18.60991444
-72.9203034,10.66356636
-72.87703443,3.619707717
-72.86208021,-1.751044733
-72.83225425,-3.812744794
-73.04105735,-8.956458728
-72.9068665,10.02912739
-72.91050195,9.220217708
-72.69900434,6.265318214
-72.79108011,-2.262136304
-72.83396912,-7.922096625
-72.73129568,20.10084601
-72.87721264,-5.118102971
-72.72878294,11.59936384
-72.654438,3.134361907
-72.70951353,-8.188334406
-72.61758096,3.724390147
-72.66083212,10.40979077
-72.697347,-3.15134217
-72.57101513,19.52192045
-72.47598021,14.5732965
-72.4962318,-7.329122775
-72.45760337,6.702288054
-72.47286564,-3.683251269
-72.55818414,-4.804848731
-72.45462729,18.23718154
-72.43026622,10.97285536
-72.49028677,-0.5699686184
-72.40036509,-2.307240949
-72.43575503,6.127327739
-72.51862189,-1.438356956
-72.37373855,19.9263753
-72.30304331,-7.834294803
-72.31631983,21.8296922
-72.21062449,7.293109343
-72.39694127,3.890930376
-72.2328267,3.129603615
-72.30435611,-2.69005217
-72.3207394,-8.147549044
-72.44366748,-11.94228712
-72.30461155,8.125810488
-72.08450647,11.79762602
-72.33086163,-3.15134217
-72.18362593,18.73680223
-72.09931558,10.31462493
-72.06782618,6.448512467
-72.14465178,0.2270453353
-72.0009446,-2.227440423
-72.01917531,-4.471768272
-72.06937659,6.103536278
-72.11380392,1.654533014
-72.16512791,-9.765368413
-71.78308495,11.55857848
-71.85439204,3.199656251
-71.88873447,-2.629629411
-72.03227362,-7.386222282
-71.72923753,19.81217628
-71.86937341,-3.758024433
-71.80393533,-8.224871293
-71.70435966,12.3004189
-71.76559203,-7.847776631
-71.66816733,21.9843367
-71.71991902,18.62379279
-71.73293714,10.29083347
-71.75325289,9.394688425
-71.82232642,1.273869633
-71.62464887,18.07658918
-71.62402641,-4.306927433
-71.44603069,14.32943402
-71.61697486,3.475055633
-71.49569199,10.89037829
-71.54437494,-2.116413603
-71.51154897,21.49661174
-71.43625596,14.69225381
-71.58505989,-7.544832024
-71.37644926,18.93902965
-71.38450427,11.71039066
-71.44611088,-3.809572599
-71.50326228,7.031403268
-71.34634224,3.116008494
-71.43480178,-8.179270992
-71.35789777,17.63049928
-71.50158712,-3.468561654
-71.37420383,-7.743094202
-71.21130362,10.38203407
-71.21942992,18.54052267
-71.25177473,19.49812899
-71.15732433,3.546747236
-71.14490321,10.65960112
-71.12930553,-2.178866189
-71.17269301,-4.221957929
-71.07828895,3.736285878
-71.05417736,19.97395822
-71.02247411,21.59177759
-70.83654226,18.3846886
-71.00231875,9.767421319
-70.94142497,7.007611807
-70.91709954,-7.513110076
-70.94960473,14.24814653
-70.89526546,3.143878491
-70.89010098,-3.317882399
-70.85807695,14.68035808
-70.99151933,-9.575036722
-70.8839528,3.486475534
-70.74879962,-2.165695916
-70.79088529,-4.074450869
-70.7119105,20.02154114
-70.54546395,19.00247355
-70.50725609,11.194909
-70.52639566,-7.560692998
-70.5676687,19.49812899
-70.59905119,7.078986191
-70.47096843,-3.835346682
-70.69458866,-8.742335576
-70.52917571,0.8813105212
-70.40886135,-3.153985666
-70.33018832,-0.1456875584
-70.57563462,-9.456079416
-70.47151642,-10.75271406
-70.49469241,-2.318641024
-70.50116137,-9.194373341
-70.14952075,18.30855593
-70.08974077,14.39486054
-70.35050407,-8.290297812
-70.06250164,6.864863039
-70.1116203,-4.064339497
-70.13246265,-7.614620311
-69.99758748,11.52323116
-69.85336707,19.69321897
-70.05154182,14.73983673
-70.01953561,0.1160185159
-70.08055414,-2.588277586
-69.88548733,19.06988269
-69.86656161,12.40827352
-69.63457004,18.36248324
-69.86647251,-3.880946983
-69.7864748,-7.826364316
-69.57215437,1.806798366
-69.62390606,1.164428911
-69.76642637,-3.365465322
-69.4631693,11.5597114
-69.57698738,0.731424315
-69.66609509,-2.786539763
-69.51896377,-0.3371521756
-69.5662628,-2.318641024
-69.52787673,-4.650204232
-69.46555729,-10.71702686
-69.21883681,19.26318831
-69.4373291,-0.811848475
-69.49168263,-2.033143489
-69.51873465,-8.052383199
-69.41640744,-1.593001454
-69.13118506,18.37993031
-69.10438253,18.9073077
-69.21082635,6.09560579
-69.15283737,0.8773452777
-69.03650299,12.26552476
-69.07307133,-1.307503919
-69.05623065,-8.43304658
-68.73620418,19.28400584
-68.94262285,11.40903215
-68.95399254,-1.993491053
-68.87595513,-11.81143408
-68.58872663,18.70394736
-68.79688411,0.3460026419
-68.4752003,12.12277599
-68.6099436,-8.797848986
-68.70671071,-12.20795844
-68.49113213,19.45054607
-68.49687934,18.17175502
-68.70086547,-10.90735856
-68.35544433,6.1511192
-68.37046729,19.11746561
-68.30994775,-0.034660739
-68.36469334,-1.343191111
-68.40168938,-9.575036722
-68.20157928,18.64163639
-68.15740144,12.16242842
-68.19837153,8.482682408
-68.16324667,10.86182854
-68.17912503,-8.98025019
-68.0727525,2.003474446
-68.21136292,-10.71702686
-67.90327641,8.130342195
-67.96960553,10.4573737
-67.76171664,7.786782165
-67.73957426,18.14994618
-67.74837775,5.318418055
-67.59402709,2.967028629
-67.66704348,-9.202303828
-67.70421773,4.271593757
-67.53994532,8.20511536
-67.4458157,3.779903557
-67.39254669,2.171147602
-67.37184143,7.554815417
-67.39932115,-9.432287954
-67.07339599,10.53667857
-67.17388052,8.111535612
-67.30560141,5.984578971
-67.26822519,3.428318629
-67.20955223,-9.921712301
-67.19910413,2.49912989
-67.03034087,1.995543959
-66.87250178,18.08848491
-66.94636021,1.654533014
-66.85758574,1.292902802
-66.74974596,8.25402003
-67.00589069,-3.436839706
-66.75771781,10.46689028
-66.84512134,-9.602226964
-66.82540132,14.97775134
-66.73586947,7.717390403
-66.50223839,18.02305839
-66.57936694,11.73418212
-66.53349613,1.101381538
-66.57042801,-9.83436365
-66.4479205,8.363725102
-66.21728535,10.49544003
-66.44592457,-9.313330648
-66.12554168,18.48302664
-66.01344866,10.80631513
-66.16722461,-1.664375838
-66.12771583,17.99926693
-65.98789557,8.035491052
-65.96037823,11.74211261
-65.77137051,10.30669444
-65.8525337,0.9455474667
-65.89436196,-9.811189005
-65.81352271,8.176036907
-65.62985784,18.49548884
-65.67168078,10.74287123
-65.7942881,-9.289539187
-65.82073421,-0.6770301942
-65.82586661,-1.819020337
-65.49453461,10.29241956
-65.50387272,0.9661667332
-65.41598752,7.836347709
-65.32652695,18.68128882
-65.34237858,-9.76239448
-65.19840944,18.19435691
-65.16736912,10.60408771
-65.28842601,-9.083346522
-65.01462678,8.347864127
-65.0378295,1.114126964
-64.95349242,10.17187616
-64.97337411,7.689633698
-65.23061524,-10.71702686
-65.0713683,-11.52593655
-64.81471271,18.76217979
-64.89291051,-9.872429988
-64.94630172,-1.819020337
-64.86915535,-9.117051092
-64.82016588,-11.80746884
-64.68490863,10.6772068
-64.63220959,8.268559256
-64.70415228,1.321452555
-64.71181524,17.73756086
-64.65872698,7.804625761
-64.7827065,-3.472526898
-64.65979623,-8.742335576
-64.46312912,18.70825248
-64.49416944,-9.943804372
-64.41948234,10.29876395
-64.44514434,11.83727845
-64.48240769,-1.890394721
-64.44505167,-12.06203748
-64.21307555,10.92262894
-64.29029023,8.23881993
-64.2736634,3.7838688
-64.22268691,1.535575707
-64.27598902,-9.547846481
-64.24412537,-8.670961193
-64.10274382,-9.830794931
-63.93506941,18.77962686
-64.09336115,10.37806883
-64.03441697,3.197805804
-64.01591692,-12.25667429
-63.89234219,10.89037829
-63.84667097,8.005267085
-63.97729409,1.77349032
-63.82976731,2.5850435
-63.84550905,3.914721838
-63.69750349,2.054229564
-63.86746431,-8.218923428
-63.6133963,7.721355646
-63.79012191,-9.855775966
-63.70974996,-9.368844058
-63.44822928,18.92118606
-63.41601991,8.148015852
-63.69725756,-12.02555724
-63.63000175,-7.933425892
-63.44008516,10.76666269
-63.51111899,-12.28726331
-63.33943312,2.356381122
-63.51147541,2.13036224
-63.54333905,-4.959493229
-63.33980735,7.709459916
-63.21764556,18.58215773
-63.20318014,3.938513299
-63.19829214,1.143016596
-63.13114325,10.64770539
-62.98360817,2.158911993
-63.13189173,-0.3915326586
-62.87430945,18.86765527
-62.79208414,18.13606783
-62.94167219,9.315383554
-62.7957686,3.725381458
-62.65731411,1.914256466
-62.48061167,10.42565175
-62.56153606,1.480062297
-62.59906317,-7.957217353
-62.40679334,0.5749954569
-62.37860524,4.128844989
-62.31487795,18.30855593
-62.36764543,1.131120865
-62.17784528,-0.7320149048
-62.21452886,-8.290297812
-62.20135927,0.07636608042
-61.99566106,8.567651913
-61.98922724,8.135327073
-62.08055186,-0.2249924294
-61.98009584,16.69073656
-61.82808416,10.64770539
-61.91433698,-8.544073399
-61.82407447,-1.144928933
-61.80773277,0.6790831001
-61.40673004,16.21191137
-61.56127069,12.02761014
-61.47865333,8.665083611
-61.44418784,8.179341276
-61.50387336,-1.295608188
-61.40149804,-8.597604187
-61.5093408,-9.035763599
-61.23331141,10.4449115
-61.3551621,1.350002309
-61.41713582,0.6077087162
-61.43875249,-9.638480619
-61.44247704,-10.46721652
-61.21686533,12.55102229
-61.32699806,9.79121278
-61.15317814,-0.4599331098
-61.02158468,16.13560246
-61.06430121,8.443029973
-61.13902395,8.125810488
-61.03491466,13.16960029
-61.00846855,4.557091293
-61.05808174,15.26324888
-60.84107036,14.62246552
-60.87799779,10.48314778
-60.87175427,6.707839395
-61.0005561,6.317659429
-60.73044578,-0.6294472716
-60.83257695,11.07595169
-60.72771028,9.945857278
-60.68488682,8.601639715
-60.7073678,8.129775732
-60.77023969,14.07367581
-60.74340152,9.172634786
-60.55358295,16.07215856
-60.59260166,2.859967053
-60.47501982,14.52571358
-60.59513221,-8.575795347
-60.46481918,10.2718003
-60.60771372,6.745905733
-60.5656922,5.223252209
-60.24603234,28.19900627
-60.37557959,14.90637696
-60.33906471,28.4675099
-60.34192877,8.414706804
-60.40995597,7.257422151
-60.27849171,11.13939559
-60.32356059,-0.7008216555
-60.17003413,9.902239599
-60.35868544,7.79273003
-60.33206112,2.844106079
-60.1739649,-8.575795347
-60.17365176,-10.83598417
-60.07679555,16.15146344
-59.99858884,14.52571358
-60.01390584,5.983257223
-60.22438767,-0.3796369279
-60.00204786,0.165187536
-59.8134215,14.95395988
-59.90462495,10.96968316
-59.91558832,8.530265331
-59.81110123,5.684806559
-59.9184753,-2.984801941
-59.83379071,10.4216865
-59.74322526,9.914928379
-59.85632515,8.125810488
-59.95730689,-11.62506764
-59.77690662,3.145464589
-59.8587577,4.86638029
-59.89473795,-8.575795347
-59.90532353,-10.93115002
-59.68128005,28.04719409
-59.65763181,6.127327739
-59.60077445,16.06026283
-59.57106534,14.51619699
-59.68893588,2.423790262
-59.63077582,28.41199649
-59.53603583,3.283256802
-59.43533477,8.474751921
-59.41525961,5.69313357
-59.50275097,-2.901531826
-59.37911402,13.13171018
-59.38161834,10.46034763
-59.58654452,2.011404933
-59.39625369,8.109949514
-59.32311701,9.886378625
-59.49537315,4.176427912
-59.37866453,2.963063385
-59.35001933,1.725907398
-59.20317391,14.82905471
-59.12939864,5.874873899
-59.23372772,-2.842053173
-58.96684297,13.05064298
-59.03555297,8.63494776
-59.03998758,0.3997537211
-59.2353316,-3.198925093
-58.95379813,8.186988532
-58.78464281,28.2216648
-58.92003656,9.874482894
-58.96399164,2.81238413
-58.94583221,1.416618401
-58.98725037,-8.575795347
-58.72390942,10.56681442
-58.66315464,11.03788535
-58.72940417,6.082388312
-58.65770503,5.72683814
-58.62890657,14.85284617
-58.64950745,12.98719908
-58.77014378,0.2793865502
-58.69633805,-2.869243414
-58.56234577,16.07215856
-58.55881725,8.159118534
-58.62070008,3.087968557
-58.70807597,1.042616629
-58.68479626,-0.3011251056
-58.52258156,8.61089195
-58.62425534,-8.575795347
-58.50032928,9.937926791
-58.48976408,2.710420725
-58.51602498,-0.802926677
-58.52534973,13.43130636
-58.53914305,10.36220785
-58.55154635,7.60239834
-58.40827579,1.426531509
-58.34109126,10.93915079
-58.43575551,6.18482377
-58.4177832,-0.6889259249
-58.35961601,6.817280117
-58.1365206,12.96657982
-58.14516014,14.66846235
-58.12778127,8.387516563
-58.10411877,5.679255218
-58.33085319,-8.528212425
-58.21104375,-6.333450119
-58.14731646,16.00078418
-58.05227798,9.965683496
-58.03411499,3.134361907
-58.09469868,2.701357311
-58.07730733,-1.039849979
-58.15014285,-7.460768861
-58.20671329,-8.088070391
-57.9983165,11.09974315
-57.90407995,10.32255542
-57.84512152,6.044850673
-57.89880499,-3.000662915
-58.05558374,-7.078915907
-57.82499111,13.42337587
-58.02625956,-5.990456552
-57.77040591,12.88410275
-57.8857245,14.40675627
-57.72570236,8.333985775
-57.73103969,1.710046423
-57.79756485,-5.390713465
-57.69664549,5.738733871
-57.92742524,-5.744611452
-57.73631466,-1.27578197
-57.80095972,-7.505179589
-57.7346395,4.533299831
-57.63525273,3.089951179
-57.56140576,2.694559751
-57.50517849,9.924444963
-57.45545838,8.665083611
-57.61622009,3.700598686
-57.63314096,-2.78257452
-57.37759026,13.30640119
-57.31886766,8.251376534
-57.45933441,5.990526836
-57.44412433,-1.497835609
-57.50814566,-4.870275249
-57.32950075,14.9460294
-57.29899149,14.48606114
-57.32226549,12.93168567
-57.35049369,10.27497249
-57.38523005,1.821073243
-57.54634461,-7.933425892
-57.37825854,-3.15134217
-57.3778843,-8.504420963
-57.33374211,-11.36732681
-57.20830129,2.953150277
-57.33541727,-4.49159449
-57.27839061,-2.675512944
-56.99411273,9.838795702
-57.09601224,5.286696106
-57.13803375,-4.063348187
-56.95929974,8.524317465
-56.87936441,8.189254385
-56.94781421,2.01933542
-56.9234175,-8.861292883
-56.90030388,16.21490733
-56.90201468,10.39789504
-56.93532181,2.986854847
-56.88806097,2.629982927
-56.81021958,-1.795228876
-56.83363616,14.73983673
-56.84200838,-3.432081413
-56.67037953,13.01099054
-56.7105358,-3.172490136
-56.71697209,-10.94701099
-56.64225826,8.39544705
-56.53896428,-2.598190695
-56.61951888,13.45509782
-56.48727941,2.106570778
-56.55014239,-9.162651393
-56.54574065,8.125810488
-56.42421277,-2.111315433
-56.47600417,-11.15003146
-56.28003207,12.88410275
-56.27675304,-2.695339162
-56.20165606,-10.99300782
-56.08296933,-1.980802274
-56.15122311,-9.194373341
-56.03664943,-11.24519731
-55.83796856,13.39165392
-55.88785797,2.290954604
-55.79106414,12.95547713
-55.77593425,-10.85977563
-55.76975042,-11.29595242
-55.46733094,-9.241956264
-55.24043613,-11.30784815
-55.1532299,-10.93115002
-55.20297674,2.463442698
-54.85673584,-9.289539187
-54.85177571,-11.20607357
-54.5920876,2.481286294
-54.60540867,-2.294849563
-54.45212815,2.092295902
-54.49032175,-9.305400161
-54.34216955,-11.02971464
-54.15521886,-2.244292708
-53.99366591,5.16139441
-54.13404772,4.731562009
-54.06124606,4.258904978
-54.16564405,-11.35939632
-54.11123705,2.558608543
-54.05068187,-9.337122109
-53.95021694,3.956356895
-53.90376695,1.606950091
-53.92296253,-10.94814392
-53.84651219,-2.324985414
-53.68319854,5.381861951
-53.82984615,3.557849918
-53.56018135,4.536698612
-53.53708555,-1.973664835
-53.57859918,-11.21069969
-53.50720002,4.676048599
-53.46122228,4.033679144
-53.4930681,2.384137827
-53.52863848,-10.96683721
-53.40973077,1.356346699
-53.37594367,-2.360936955
-53.3260691,-9.384705032
-53.19754782,5.319173339
-53.33526465,-11.4307707
-53.10029701,4.971062719
-53.12756288,3.978165734
-53.10267074,-2.080726411
-52.97057919,4.477786422
-53.10519774,-10.97873294
-52.9201498,-9.308572356
-52.92347873,2.273111008
-52.90374216,-2.395963273
-52.83486644,5.318418055
-53.01133542,0.8456233293
-52.91595834,0.3222111806
-52.73642027,-8.656610787
-52.70413996,3.96230476
-52.81929816,0.08429656752
-52.7467852,-10.96287196
-52.57915802,4.589804552
-52.6256689,-9.383383284
-52.53642049,-2.209880058
-52.54802948,-11.31657169
-52.49082462,2.49912989
-52.39737397,5.171307519
-52.36292096,-0.5723477645
-52.3012894,-8.604345101
-52.41063089,4.033679144
-52.17078288,4.591079095
-52.15194372,-9.079381278
-52.21917407,-10.83598417
-52.08589972,-1.995077151
-52.14633907,-2.395963273
-52.17670041,-11.32608827
-52.01520092,5.037678811
-52.171012,2.986854847
-51.93259603,-1.045797844
-51.95483643,-8.71259625
-51.87283388,4.097123041
-51.83815454,4.56502178
-51.87478704,-9.384705032
-51.76626531,-2.09063952
-51.80760073,-11.28802194
-51.70381518,-9.034441851
-51.73696193,-10.97344595
-51.61842371,-0.9070143202
-51.50641979,4.081262067
-51.41312774,-2.342432486
-51.46600215,-8.670961193
-51.28151497,-9.300113169
-51.37033399,-10.941724
-51.28153874,-2.05693495
-51.12688957,-0.2646448649
-51.14051538,-8.732818992
-51.06275597,-11.36415461
-50.88358178,-9.551245261
-50.88126953,-9.03675491
-50.85160357,-10.97873294
-50.89625239,3.938513299
-50.70232612,-0.0267302519
-50.818411,-0.4866985038
-50.61072705,-8.639239244
-50.60394088,-11.47835363
-50.51324711,2.177945162
-50.39097076,-10.99912562
-50.39899183,-12.26611535
-50.27851114,0.04464413201
-50.46630704,-9.122998957
-50.4477021,-10.4196336
-50.16296088,0.3856550774
-50.12603166,-9.518532002
-50.29287473,-8.587691078
-50.18192224,-11.08182927
-49.96827722,1.119225134
-50.04049613,-12.2317499
-49.93485425,0.4015160516
-49.89217336,-9.128946823
-49.594954,-8.775643622
-49.39812649,0.2270453353
-49.29027483,-8.393394144
-49.11391989,-7.207786322
-49.0685837,-7.992904545
-48.86697665,-6.62489552
-48.99384314,-7.671719818
-48.69723325,-1.474044148
-48.66654578,-0.08224366161
-48.49001263,-9.729681221
-48.49188382,-10.14603179
-48.49359462,-10.52669517
-48.49530542,-10.90735856
-48.49696276,-11.27612621
-48.40402713,-5.09431151
-48.30289392,-6.149066294
-48.24531482,-9.646411106
-48.24830872,-10.31257202
-48.25001952,-10.6932354
-48.25237187,-11.21664755
-48.18271024,-1.15285942
-48.19939054,-4.864327384